match,turn,field_hash,diplomacy_hash
0,0,143098620822077193,-4118616964777326140
0,1,-6362294400844881137,-6672880577670579151
0,2,-5230732468938628574,5906004974633499976
0,3,-1510546194093018107,-5948391330668889752
0,4,-3690538547546908063,-487020130586659614
0,5,-7602000772412031138,-276600350325732718
0,6,-5782583560747720458,3104948083217664721
0,7,62561167685004461,6775388223668223502
0,8,-3477344150894659522,5089757823170461727
0,9,-4411100908543786584,-8447206723755514214
0,10,2000176411896920000,4409645960066661682
0,11,-6910622900637502484,-4575457099046727118
0,12,-9023869165086019269,-527630924296240019
0,13,8160087520864643067,-1957710538167123304
0,14,-490616783909387940,-3796993523553090134
0,15,2547863932757483609,-2771763339173623197
0,16,-2451992525432586416,5259442893022966688
0,17,-6556351682301628423,815087642607177876
0,18,-6799491752544886490,-8129067049404562173
0,19,-5955651273279543165,-3462014231105438861
0,20,11811358539494389,6964537810965754704
0,21,-2780935415798765249,890080261878339801
0,22,3178409442302753170,8819269440752174083
0,23,5108216907376361869,-3954577919230585895
0,24,-8898065749354828844,4000690937297345195
0,25,-225638350692892634,-1729030354066076358
0,26,-7756016982483821186,7581153322192906274
0,27,8909094392124452745,4218454563289991477
0,28,2150616062894410908,3239253465228750499
0,29,3110456119179203143,969464310495145088
0,30,5183318722116521511,6121313712372461662
0,31,2592285836757459585,2209925132247021405
0,32,-2774464826048454408,4817444548475944293
0,33,-7420638626902172102,-7923090543236562989
0,34,-729271239528287450,-3309076345748385817
0,35,1998354465481978878,-1993066148023915315
0,36,-3197781043279845740,-245761872978906128
0,37,7014202703695121497,-7218217243582303066
0,38,-6571488254116474105,-518852360687584911
0,39,4305400695519865421,-3314128785094615590
0,40,3764197784856741719,-5680009137731507037
0,41,-7128259535446498591,1119067470537420117
0,42,1320329041316831323,-2604573864488589075
0,43,-3842158136384306049,6828822524131816279
0,44,-4633378348312108586,8241048958079212566
0,45,-7585217173732026679,-8793468681682942763
0,46,2529241015108530358,-403150795123762247
0,47,-2837977591883158061,4311155048653668796
0,48,1541535672282906608,9025460892431099839
0,49,-3124278029337769577,2664156711791420243
0,50,-5406697323838734427,8694298639290556310
0,51,884287671397170280,3532577667714928792
0,52,3130240490391589899,1317935571690798721
0,53,-6579067255673550407,-5668389530776420574
0,54,3005436532160815543,8374560297059028574
0,55,6140720433650268131,-8223482255991492945
0,56,-5716284221149318694,-7753643121596117369
0,57,36778018930825356,229449905663948842
0,58,-7767958830118439857,-1242841926680262354
0,59,3176242033020907159,6425369785536042509
0,60,9111027862319810778,-4353162575957204244
0,61,1001244002257818680,7247612411396562602
0,62,-7371666930963936790,-3216038635052922803
1,0,4166944516155882663,2104876380417908868
1,1,6506997494791858532,-6348453434600346500
1,2,-6258621005436686612,6737899151341961949
1,3,-4563373378764168102,-7365972862312421833
1,4,8621253830167478505,8980569706327912866
1,5,-2413454357044592325,6551226528778487646
1,6,3440619644992302837,-3560729158831264799
1,7,4670729493386373731,3112288696493599918
1,8,-7520275872737951269,-1070182554458916308
1,9,-2985120296824900641,5116973784633680758
1,10,-6130046803822595776,-831352646452131740
1,11,8867922139343105102,-245931949453528333
1,12,4058141405548466099,3840782058904243911
1,13,1397526987954638556,527095375645287366
1,14,-1079328327289052936,-461475921700976979
1,15,8168647509369856683,2353347369438458172
1,16,-8967871277718403173,8510649337503381223
1,17,8242068937053345887,3804144856307554464
1,18,8705466481258099073,-4991509233002856218
1,19,4929238155420526444,-5973911632107179669
1,20,-5599521778885591010,-3767393868415688892
1,21,-4611023339529769540,8963548135782955927
1,22,-5314966381333646631,7304855855124811910
1,23,7949144033654975946,3629630305925137417
1,24,-4886690311467182401,-3594949421880789077
1,25,6183058632569653508,2869531050184959549
1,26,-5225247118881832405,-7994070579799956977
1,27,-6101929178553383956,-3196596735424986759
1,28,6037897872320506709,5856255704870475653
1,29,-4529648975964894451,-5209414857801894718
1,30,4920613341301906495,7934252582223858514
1,31,5707748324718656354,-6946170692843317292
1,32,-1629470593643955287,731825838277303686
1,33,4152562850123600333,-3992736728506066161
1,34,5443928474555364725,1622892925924819160
1,35,-5129167242900457373,8187541719946092646
1,36,7194169328445171184,-2463253370075751189
1,37,2041589010476374443,7407586347780523226
1,38,7195300536489926072,-9048510454147073082
1,39,3091943842103349316,4778646152167959304
1,40,4513457567390118200,-6346856348854785274
1,41,241908882116875793,-1438195673042478587
1,42,-2780424065595211713,-6676006387998658648
1,43,8418089283669256612,5947978542141475261
1,44,1129794620363159174,8127148395679505222
1,45,-3406401842470204962,-2641241523500786467
1,46,-8553437192931243215,6265569698161884492
2,0,7049441966922766727,-534493212347201515
2,1,-4416485048817262952,6092243949365964643
2,2,1176638023009401351,8093778452762226513
2,3,-3597253598202508169,6433371923406382599
2,4,-599366660093460575,-6805130106449533372
2,5,8241040817809228082,7217483399635686346
2,6,-1242720487774383103,-5961030355218892583
2,7,803423449687518586,-4959424400239772612
2,8,-3407735483874504334,-2022933930120064988
2,9,-662679126968781621,1278602768558584611
2,10,-8498004128877058958,2517369171669220822
2,11,7340597341350345341,8125912918698933942
2,12,-1786847666014431242,-6301873328341882344
2,13,-3550935022122359875,-861523893332069128
2,14,-2002251640859595942,1235789610121186323
2,15,-5850648182479127183,8664292838150552924
2,16,-338637499298309489,4753230244315817796
2,17,5116487840032779980,-4619717005178911838
2,18,147776205093058287,-3815404465454348096
2,19,-1490011903352978653,-441529013767373296
2,20,-2537600143335485118,1301431270453058923
2,21,4842163582304902377,3044391554673491142
2,22,-4630804640024282495,4999006644240559868
2,23,-7214018799646371062,3000265215846138626
2,24,-2480039669749741723,-2924955220004575600
2,25,5757050218755178562,-9186564060897148892
2,26,313826549307459841,3340248037912584413
2,27,-8959179502857404426,-8145872470189175867
2,28,8340020814534375210,210007648846047753
2,29,-7285549973452965822,1922917606795109083
2,30,-2130804445953938168,-2532366513937519010
2,31,-4543891054718280059,6872989926639854847
2,32,4063202154427179024,-2337627844271772124
2,33,7065146965442187810,6264157566426938370
2,34,-1905171990830692221,25374603016278107
2,35,-3618061180330364491,-4664848881639658820
2,36,6352262192563295355,-5023020676355226853
2,37,-6048015705960274705,-8210351983862641110
2,38,-5825286032869235943,-6282896329618506636
2,39,-9188821175937592967,-4956236381066164133
2,40,-6643158762239299834,318131813110854471
2,41,-1873894651132332736,-4956236436091392355
2,42,-4610667685482384964,3639860497703594565
2,43,227709978710822124,7431286709190936934
2,44,2980013299755194599,-3029210205933298932
2,45,5072273452668852976,8419315272473223560
2,46,-2064664256540134421,2160318657707918657
2,47,-4817582063935579949,1678873292681141535
2,48,3383612936981215109,3442098647507682875
2,49,-8500184946657611781,-7876651988082131460
2,50,-6147530911777326724,-942905145906259898
2,51,9164396115942210858,7208569664984400931
2,52,6365317060915633187,-8086229700780919072
2,53,1691286695870041221,-103136673520852861
2,54,3419039066165336422,7879956353739213350
2,55,-1670124786682206515,3875896144164067524
2,56,2237049005494019937,3943800566701372672
2,57,3390367976692692064,3943800539188758561
2,58,-4827974265180935286,-8792901227343968218
2,59,7590329080192365471,8831321522668575027
2,60,8759419867900595133,3389467604397702321
2,61,-7793592733968438433,-8903615250402939171
3,0,-372015645173885587,5111247407564418877
3,1,3568764057132808630,-6920099664063885963
3,2,3299343240326440228,-3548625005446700637
3,3,-9213412773480817289,5698375821912304805
3,4,3455946042312134230,5178599198853960280
3,5,-1840085020012583979,3291366868332503516
3,6,3966827097220484681,1705902648477118315
3,7,8492474801744897165,-4157849696867192803
3,8,9080548512113646256,-7185747197603888319
3,9,7258227389525448145,-7517331354820757258
3,10,6868049580735766675,8327510646989857153
3,11,-3008288797343596446,-750393649557850617
3,12,-2265381064873308367,-5850344996427845141
3,13,1319203792010444950,-2696428806573875603
3,14,-3837415216872693062,-4194595591776862179
3,15,-1231824575190769616,419973318537865091
3,16,-5976286564270534391,4138751867775798594
3,17,8632755064443694994,229209883020104821
3,18,906527065887019908,-7054017490872576407
3,19,3414786328521002480,7008277913345503734
3,20,-4191554506542367878,4665852844447344322
3,21,8289193775551220365,-7117318719455588743
3,22,-6689384963052438284,-6366481806975908617
3,23,-5395205620985677678,5527830339860144055
3,24,-4488442567885869026,6995009996956216780
3,25,4478115098007898571,6036175480102869956
3,26,7140861636600292054,-2908884769802698620
3,27,-4066375339638058099,-4721268211684921470
3,28,1561927831268574385,-3722656043916242360
3,29,-455075060185507986,7810219698602940664
3,30,3095600396197038470,4544318594718462530
3,31,4379039446377178255,-2868648189564567606
3,32,-7654529673244789821,8647394885431228546
3,33,4100060338093907353,-5175046436630918874
3,34,3923872555395725833,-1084812648850751264
3,35,-8256750825050736356,-1866306448954156947
3,36,-1243604601176442685,-7773055394708563097
3,37,-6100114181865264006,4766939733246582369
3,38,2753473169187289634,7559062012842134920
3,39,646298021672743887,-1994509868233175869
3,40,4425716479497744467,2550196293521667700
3,41,5131582107372545855,-4191841661530895195
3,42,-7886777785934507705,1056552617298275640
3,43,1152598484721046080,-4363980015478887793
3,44,-5383387450997378093,-4815670170092562000
3,45,8057704951810392091,-4994239171568643128
3,46,-4697970086327804367,-5729861391307254634
3,47,4610329555144651563,-5240081410917809410
3,48,1433487772107900806,-3138831121341748001
3,49,8091892164332996775,-5361976294480548424
4,0,-3279116823419309164,-534493212347201515
4,1,5077141812835968511,-451528320628391613
4,2,-3469971290503596855,407200537132385091
4,3,3110890390206919548,1566461133311590911
4,4,-1980286852710068135,7513550792807722248
4,5,-768001377858018515,9119919587881646569
4,6,-6804389808929762639,4352142108829049706
4,7,8192746928917306185,-545130910303779000
4,8,9212379845858040446,6293169864302944037
4,9,-115684041568124289,8688573355903570947
4,10,6518942824197184919,-7362767226205353759
4,11,-2264977767002257649,-4967363734604726849
4,12,6745525264933398148,-2571960243004099939
4,13,626339419235178659,8682736693343032718
4,14,8237974176752255188,-754663007932653561
4,15,1242400507981431692,6946026666699929523
4,16,-4966085502385416888,7304637012358663168
4,17,95514545330699146,-1507908922429020290
4,18,2625958967403049892,-5503104560648245276
4,19,-6077996175083412771,1086457940053679668
4,20,-3529288286360995806,4095544509945155125
4,21,-5103525792068273709,-7069217848190955332
4,22,-5818052944040132418,-418700461686441903
4,23,7462005617661059852,1888187203769742276
4,24,-7200298078857591289,-3732295315969199190
4,25,2601168969264778979,-1213156525096676948
4,26,3527806365558543442,5721539592613654745
4,27,8295148528234994468,-1696975475207426282
4,28,6855744723327478322,4875268250008018616
4,29,-5357798821582604442,2844614896938804688
4,30,1148226704519563673,-4954451369294964874
4,31,4801447639549415232,6839521124846413732
4,32,-255375778104312924,7724230894257503018
4,33,1821276719983629111,8670436473852486787
4,34,-1074112632308323596,-7339026945267728725
4,35,5382983033553821288,1303007729189152113
5,0,-8965886863449907543,-534493212347201515
5,1,158045771996517713,-5361855139244039136
5,2,7216516493130389661,9081354767289413703
5,3,-2724708982402277386,-6051030973791613894
5,4,-7368204582800061268,3940844252858129085
5,5,-9189302811954164627,5226198228233584224
5,6,-8649360062621902088,362266867315586467
5,7,8884466382155142619,1942604520049176116
5,8,2028583697763560944,-4963247118785458864
5,9,7586128952414528117,620995950625111265
5,10,-7186644581859670938,-3505535094292817309
5,11,-161176720879883718,-6235612570694592902
5,12,168901310534841014,4572897156286224850
5,13,2261231342787023629,1437913362509735599
5,14,4777064612222211827,3341560852789143575
5,15,8743477355657722497,5932992676596460617
5,16,8170482689954991279,-8620383981444700027
5,17,-4576538877781759531,4664469647379940611
5,18,175766670558909512,-3655540822143181830
5,19,-4200413980847310880,-3269025094830138774
5,20,-4104436503006717486,6531251240477182907
5,21,2094630691041817413,-1725154724437850259
5,22,5373249612489051589,5863581687956349296
5,23,3705295854952088368,-4732173633620789682
5,24,-5004125103452091062,-1626930369898899521
5,25,2831234882192883753,2556551481409183058
5,26,-7624447009305701616,-3795723623081791113
5,27,4092204467416640013,-5958424970879318153
5,28,-1477702662166373673,-258153596599595544
5,29,-242228404696902581,-7065426377725922642
5,30,6908943526777365637,1922307872791958513
5,31,8952226546081303588,-3095205933026534652
5,32,-5671220354514626053,4613061235553521552
5,33,-6170678435367573523,-4880820982032754165
5,34,2757042872246864512,-8992049105535242610
5,35,995679517180342211,-62510188634819665
5,36,7662109302924680361,-4965129426214282716
5,37,961721196863879469,6890270351633914749
5,38,6213099650939207194,410307803401150433
5,39,9161704008947397684,3348864032603366054
5,40,2666633499461162965,6287420261805581675
5,41,5862924810413511531,5166037230156540788
5,42,7396133079795621055,-8683191360531770215
5,43,-4538999186086139032,3142801479457801077
5,44,-2298136088703761754,-3124552301746241686
5,45,-2068613190496562719,-7846901811333891982
5,46,-1484111063782243968,5043238654679942676
5,47,-3516236669687302144,3078077370339408272
5,48,-7913901905570066102,-3240151425998247068
5,49,5287865557447106277,-5046842429458667604
5,50,-7286732048137093836,9190396416180888356
5,51,-4283886447690348,1501858422576905962
5,52,-3073472490832030464,-2320230663185100500
5,53,-5423496791864280466,5022272457296539561
5,54,3160739238727137968,-793550102577972304
5,55,6346555435639654317,6312554886873916479
5,56,7218946457904554479,-7830602026240552634
5,57,-3177301438801496606,3197511117418566046
5,58,-3633145896932497044,316255417057453074
5,59,766649796657853030,8660066718845592233
5,60,9053177404372289461,-8400451421264613255
5,61,-8125854986519084269,5818564631462006706
5,62,4588324351361107751,1216477386094389905
5,63,1213520898570882988,587264987753766888
5,64,-8155899626685994217,-3441354162023206268
5,65,-4965566464638772237,3922470764519423306
5,66,3047866581473645159,-398391420018651155
5,67,-2804139759416614175,-9190039863423572887
5,68,2006436935172648340,2998644913521963298
5,69,-5506264901163068111,2886668937008489112
5,70,2354210658025738457,9167235465310652104
5,71,-7791123662650625119,-1975006198601175941
5,72,-2259405862556092220,317072007645904024
5,73,1918074661537151826,-8435918271149146450
5,74,-7802900967806690031,3286976185196651237
5,75,2964052292337759183,-3034164413568879922
5,76,958802258758647626,-4542717887666961883
5,77,6196851217070042504,-8071192714240514607
5,78,-1470019842598836388,-3425832913249620300
5,79,2372926118128348367,9019199050144504040
5,80,-8264847588016820305,6943195434983496528
5,81,295250464216398987,8122254343007196580
6,0,8565881234943880412,-534493212347201515
6,1,-8408326119061387749,8221637529491642123
6,2,1404140701792504124,8045199840120864185
6,3,6428238741772326341,-4171146716086195514
6,4,-529869871117942649,-6715902608239681775
6,5,-3490958344233698845,7358563798648086438
6,6,-4398421283883246423,-4367540878395400422
6,7,5737881044651218721,-8659909859284051201
6,8,5523521394661520866,2142431820709360076
6,9,-6361158188416060780,-5549098134778847194
6,10,8577966422728201920,6484936632339394094
6,11,5629538549274680998,-679073548757872205
6,12,-9078601695750014779,7383963946345549100
6,13,-2527451799633638252,-8630383243265711978
6,14,-1308019505316594170,-6704753074701085334
6,15,6459198872827479042,-6245401001224929988
6,16,-2919061942005951486,8937029311103358905
6,17,3391720994720617868,3674544198117790647
6,18,4684574084781415498,1234638670895703682
6,19,-3452721169959065833,-1367475337876318344
7,0,7286661538654695199,-534493212347201515
7,1,3091916767915518768,-6108150099852415926
7,2,-4888752655185930497,-8211685882574641837
7,3,-1944887558843107418,7888147199929941307
7,4,982522266698074011,-1958263481648002839
7,5,-412625931918786828,-5185016591546207243
7,6,-8578397767265341588,-836492055982332727
7,7,1741761281108631551,1472622164330756380
7,8,-5416197341532994247,3447006615228146516
7,9,1172277010252531036,-761368891612286133
7,10,3335268520959313691,3449858288688695309
7,11,-6651779794417045922,2040770980678440864
7,12,-4908447064548253907,6802936096635741380
7,13,6554155383193356847,-9195097265875734398
7,14,7332296459110376678,4387106671949079735
7,15,-7696507030909807693,-5765728238370914179
7,16,-655323687460747294,4989374464086765197
7,17,-7197299489494740361,4638533416478529447
7,18,-890604518370745517,-4926215056249004094
7,19,-7545635181243079987,8928809012771977397
7,20,-3218485259690770366,137160569367055665
7,21,-1043728148787746995,8465501528721495708
7,22,5655234027069981199,-9056132836840641314
7,23,-2369570173547906726,6766736175824794360
7,24,-2982813473846349332,548771474300024593
7,25,-8490298231621402220,-1377356497106052229
7,26,716565008813629739,320312103853861859
7,27,-2820593646812696454,-1995313523031861970
7,28,-6691977889534029172,-2058589940188448271
7,29,-2066495273633103409,-7371183908635693014
7,30,-5017665666787410789,-5628223624415260795
7,31,-3795285855565542312,-3448754791525932035
7,32,8630656837674539584,718055743234982724
7,33,7795473731357832813,7449937777958688321
7,34,-3610230183742806636,-4202159369256339921
7,35,-8905102343076021995,-1795307908720033201
7,36,-5048934586355185954,-1098331449675806731
7,37,4563686537107425802,-5961582707644899897
7,38,3568307920542496181,-2041434107051711382
7,39,1852990126807881032,-4277691591352080432
7,40,-116786253574849730,9208805940573784307
7,41,-7343000744911942964,-3846453959579302945
7,42,2655862962116152196,7159395206216670084
7,43,6127786846677461206,6966852866128710510
7,44,-5474575438335310140,-6097561925387367339
7,45,4711340201143336627,-4781551727662896837
7,46,-1070534609798645090,-3465541529938426335
7,47,4498629923424559644,-784659382118511024
7,48,8737354916835479180,5022881126477368388
7,49,-6902412851798142042,6765841410697800607
7,50,8169884135164981413,-1202371494897983146
7,51,-6914850992453460611,4096126590931640174
7,52,53921014824191367,-6319411250581321557
7,53,7097266551757868886,5756102245379374848
7,54,3846061355419748633,-561558181026119337
7,55,-599453785428027657,-2560299609420540579
7,56,-8390196365009920577,7584468744249870675
7,57,9121123139489925235,8404468497472037043
7,58,-8138310491076917844,6988071296695113193
7,59,635633469674835358,7523911654433247816
7,60,-8711995050088429172,9140918772915030409
7,61,3714475012453255818,8056987165175794885
7,62,-3092778765311535672,6173679040255938057
7,63,-2474657306779566953,-5391177087151513051
7,64,-2446645017747647502,-2716212172554413994
7,65,-8792152258264209557,4528695287901759139
7,66,5950303741508394088,2272458973085086277
7,67,5471777382482162798,7915420151481195882
7,68,8006688497243841631,-8967350041610886548
7,69,2808907638744183595,-8886419233316122664
7,70,-2257311299236057893,-5907056185829434295
7,71,7688336867850237482,-4086863015566546502
7,72,-3746153952491226848,1133127022290944551
7,73,267376795118601370,-7444385785868808617
7,74,-5936896048663887782,3697708351641689339
7,75,-3780392405526025736,-622028706217498110
7,76,3243666727065168716,4012426043834242423
7,77,-1395814341325075708,-6757805843343054346
7,78,-6829987705824944316,552772635704291183
7,79,657552325482786666,4226514351285183027
7,80,5705666795118836492,-4604547132834517193
7,81,-8998838855107220824,7580290829783717322
7,82,-7655393088123402777,-7569518667326465461
7,83,-5293788336690782809,-3262817539613465166
7,84,-8951026197284602403,-477416284624164278
7,85,-2103936641710175356,-390067336759358094
7,86,-8304459645739776086,-3982609785933156429
7,87,8811767983642270940,8472646963312911095
7,88,540067102783359599,-2152535492096363974
7,89,1293061089590993490,-3389691574378596837
7,90,8489330964309860874,-1363189092817234907
7,91,-1268456760753987963,4814889423465371868
7,92,6855664882944840460,4333444058438594746
7,93,2360266839171392523,-2281725451495772690
8,0,1099232761518997441,-534493212347201515
8,1,-150036508957281985,-5610357972283402747
8,2,-4479704920624381206,-5564934908047407459
8,3,7984132892061933495,5671940763430470039
8,4,6675411456765617879,-895660716526520178
8,5,-7335108699507092137,-3391359995525163508
8,6,-2213381514598258587,1141525689493383304
8,7,-3933650285314719943,-8771881318726043604
8,8,-2619113621738565587,-7341714620314603731
8,9,-4093072241154790645,221982191474142059
8,10,6267788084695262091,-3157010044247258199
8,11,-7905415682576252477,-3949738144599673038
8,12,-41325708870577430,6582634816486260680
8,13,-4863236846122527762,1669788214930665727
8,14,8218155764303228469,94352443032204416
8,15,45165877691311424,4768103754729811496
8,16,-7764492377706759529,-8623873349139487850
8,17,9044220539414602746,4544332421997505519
8,18,4259905572097613097,432845436962642170
8,19,3524287925847993522,7078421945813943702
8,20,-3293192678463877065,-1316479435853002005
8,21,-7983675152607259616,-5892100811202005162
8,22,-3491517739203741494,12141561685982557
8,23,-3634343122049384493,-4195108308331265831
8,24,-5610654060566711290,-100851852617757282
8,25,-1596533903240011773,7170725031217606078
8,26,3455169560494411435,2295841368660788186
8,27,5597986025750135661,-2454516947046949407
8,28,-4356344810314383690,2544096707172282065
8,29,-8725084841315870313,-3168781061108057737
8,30,-5357506022176636993,330654811697825480
8,31,1073631773519821826,7200079471926151311
8,32,3962457408425727482,7401842947964683354
8,33,5923688918947731514,2222845109377343868
8,34,5490942977156888666,4809734068132096646
8,35,6225273762162947227,-4460054964172070900
8,36,3958558802053280965,-1029599527065492361
8,37,7146283451168683606,-25611635522935336
8,38,982586240074552004,-3537976315001586071
8,39,3480659715785871908,-172959490783745546
8,40,-4696319824846251548,-2171700919178166788
8,41,805579859085750652,-2869161442741740106
8,42,-7565884378595688626,-7964965895135261902
8,43,-680270062165789905,-6047049690152112490
8,44,-3932091618809213929,8810877979516939940
8,45,-2863518314288065959,-1665756436716956762
8,46,3667488362338254496,1272499486594033988
8,47,2937309040198187063,7011110798137501522
8,48,2705217513683513058,-1546748303913125157
8,49,9159906022777768203,3272965167883221515
8,50,3098368794208394706,-4027306323102544351
8,51,-3541053802010287929,3955786704157521860
8,52,-197994797214846066,-6775048393831899711
8,53,-2406701323197213672,9072886246523258054
8,54,-4331481431953820540,-5395715956100464260
8,55,-4603881644562566394,-4244744227344830395
8,56,4533403994125740676,-1583487763018027007
8,57,-1387762418030001884,8591128091602514563
8,58,2183171925225689474,318999872513504517
8,59,3952238826483503152,-7103494776422307653
8,60,-5519985925334500923,-1909046004052583496
8,61,9062163014157577959,3285402768317140661
8,62,6970531287362500573,8479851540686864818
8,63,1533349898660702085,-4772443760652962641
8,64,8216227370372447287,-6047847485804538268
8,65,-1336012137181460908,-7935665251674481554
8,66,1696076417852294135,-8920183812673738315
8,67,-5691696110249086723,-1700148583554524664
8,68,-8708287058969913978,-6735499678972114853
8,69,-4549303067595513784,8718436395277322985
8,70,-9065941837585022632,1412112947832594026
8,71,7639186138534620799,3723449660924688023
8,72,-7324816649761175913,-7558023697850365881
8,73,-7742027270633301259,-6145797263902969594
8,74,2052612382482104672,349183889047930979
8,75,2953091600022269338,-221689034632075451
8,76,2564784042256055718,8984717228024032825
8,77,661338706434338669,-1363434881992088311
8,78,-4210375313895359419,631028183995964496
8,79,-7590467303339598677,3534781506347886221
8,80,5821355637741630488,-1607801213214183772
8,81,-5967272356721292988,533210695052548375
9,0,1417907366009585754,2104876380417908868
9,1,-7687119405969966637,8423126766295374454
9,2,5194093112397092053,-8096072256990328623
9,3,-6379621559741998470,-8354584438204795770
9,4,-5546626491841122839,399442879459811259
9,5,-6365139242739953464,-859258750198754112
9,6,4537211631329725512,5273231025536261214
9,7,-2526194270310736739,2295064238988232264
9,8,-3830907903536636301,-2320139745595400625
9,9,2739393529034951762,-8000345685528312811
9,10,-5981326409283221393,4420899623319591061
9,11,6308357493100147019,-3228597091911464272
9,12,-2298490400148093515,5652218549025480784
9,13,-3194957661055355147,-1682156840698224022
9,14,3221668207032557610,3837224998626485318
9,15,1246446273600059891,-3389210256180203968
9,16,2693553474438388207,-6312994872376863884
9,17,-6907618521122826820,3452188825638001237
9,18,8692032160538794655,7500015000388488336
9,19,-5443770433996260159,-3967603913171548894
9,20,-3199175845871448265,319325980862593167
9,21,4973661643929472761,-4818519250759636883
9,22,6616348301758154487,6091175865003049734
9,23,5011873302192060081,-8454962292209672654
9,24,-4653397793866902900,-2987335821166345284
9,25,2004442168102837818,4386867271009758243
9,26,7950042110588809648,3240603680776594921
9,27,-5773157693527789962,-7891268079740989656
9,28,5537634084340752519,-5033163735274920070
9,29,6743733725019430644,-6325354420720569438
9,30,-3505827346363016012,-5633642840061830832
9,31,-3096414190214552951,4021452790242799052
9,32,-2053292504394865880,38873834206888568
9,33,6760670053912917863,-8996482863610413607
9,34,-4813280205557601329,-3701988254606760519
10,0,6192187509192867328,1791862444646962562
10,1,-7715916601732591556,-3183979817631638767
10,2,-1152260082101446027,-791310206967186732
10,3,-6307118311312465355,-8139853041084365789
10,4,5387285399639557233,1909470052722026755
10,5,-1316997880643033567,478560248847701207
10,6,5446138767461810830,7862501912051159094
10,7,-5358842199442218000,6736169901482628661
10,8,-2496491904901635573,-2007156523486986426
10,9,-1385232847654347696,442968625794508025
10,10,5730197881931667419,-539794185555342778
10,11,-9202516324700249485,-5529321881018117180
10,12,7522197947566269699,7927894497228660034
10,13,2264314523031178240,6308945139576877027
10,14,-3420080365321063258,7236783534376298682
10,15,5030757937952969531,-745678528394645152
10,16,7509040592594919472,6739486379942203537
10,17,-6720103697856237203,3237864579538434320
10,18,9065304350228784449,-613788945630116614
10,19,-4789681779014723893,-853095995446991131
10,20,6329322102542924611,7241307083036436129
10,21,-5904916893982184289,6120728991903654239
10,22,8933933497782929334,2848138941275069333
10,23,6102106341851633543,-6796661911607212951
10,24,7401467073789151814,8104877835420414989
10,25,-4868413028880051528,4316983752383822255
10,26,8373199919679303161,3903995891196249497
10,27,-1294878118698975848,-7008456699093350528
10,28,4770859380457842606,7666726832761875883
10,29,-3312901892032240779,3908891694455848576
10,30,4554229617323657557,8137700315335116348
10,31,6557085697992898624,-1200465083968996766
10,32,-5975665060996516303,1391345072134030653
10,33,94541795543150124,6815484485648888959
10,34,-1507668056015396163,4902437219411455880
10,35,1778707321402734767,2245205355305528542
10,36,-5766128130970976980,2061493789418285152
10,37,6457953407265274548,1282367504496295640
10,38,247180313646018460,25206800187471526
10,39,-6446701477955060798,8230435342426840521
10,40,753469594072487532,826033284727751975
10,41,-5798599466283164323,5046425095197552355
10,42,6615663851863144470,1405721029966502793
10,43,-5222174694772793571,6505836421490254555
10,44,4940689253605048290,-2779483727156249586
10,45,1300491481029852829,-7203211476951380880
10,46,-617089879942353975,4433397524903793655
10,47,-8315766629432944779,-7475768661013172797
10,48,-1586424237055122489,9054866050981776645
10,49,6222795547467747987,4600632125809562224
10,50,1222067027918866679,4413358575309212143
10,51,2635477929125565608,-3614120357887979161
10,52,1604502377197009913,1238295389489170423
10,53,-2520407202700521182,8874135833433925371
10,54,-7834060429997408157,8581830666034279132
10,55,-1328534622257478414,8819158497232227569
10,56,-6285394397992326494,-4577584145868309317
10,57,2504127166573790200,-6615163607581795816
10,58,6033797946960701649,8369918528993372483
10,59,-4830921297064671856,-2250562458020712391
10,60,7034586998170791184,2152271190002152130
10,61,390645938400282316,-2603959761439171996
10,62,-5570485256597436586,-3085378686843788447
10,63,-8180000230003826301,-8611753705179139651
10,64,-1015995312959305355,-406525162939770656
10,65,-5387779845507877135,7116511063679639554
10,66,4566934794550510898,-2442812152170584282
10,67,-2930139742833404403,2097708726405062129
10,68,-4055827615901842003,-7146623705004094991
10,69,7454539727239620746,2807552947808640280
10,70,3343292579104456804,-2662363101206796436
10,71,6931785180995411899,3394577673878361622
10,72,-6836752914142640038,-1832332866328565797
10,73,7024479715535805215,-8978736541767345320
10,74,4257248763902677036,8557848960413774854
10,75,2943345746985551086,-2253054669351021814
10,76,-1291163636103762995,8063207486389451629
10,77,-8950661489450354704,2698796158232523370
10,78,-1585946250270922667,-7697627329044102577
10,79,1909676070144539741,-5661701887530627057
10,80,-489097247923205884,-163670272259929423
10,81,222340557087052492,-1855796894321857344
10,82,4854826796499791436,-2483225093026561409
10,83,-838265929423738147,2659744472745163987
10,84,939830480915094123,6589027055911960968
10,85,4499040453176477653,-9199592320624079851
10,86,1481166788839549159,5334170658502552838
10,87,6797811545746310017,-2612185040283772073
10,88,-1655229907543172515,4079314261093144708
10,89,-3007423002659583331,3451886062388440643
10,90,-8623927340279690107,-62860558550934831
10,91,4494111093192566545,2197029664979032513
10,92,8910443093316540917,-7221451318421227837
10,93,4494111093192577705,-8352394192361984788
10,94,-3007423002659550595,-6232295462121380463
10,95,4494111093192592089,3829139310357668199
10,96,-3007423002659536211,-8919457470851491564
10,97,-8623927340279642987,-4614834918686805911
10,98,-3007423002659521827,386550003645732842
10,99,4494111093192620857,5387934925978271595
10,100,8910443093316595229,-8057424225398741268
10,101,6797811545746407481,8530464524257277678
10,102,-3007423002659493059,-5574194812068465030
10,103,-1142025252762925587,8974423200821718401
10,104,6797811545746429057,-1228368695617153279
10,105,-3007423002659471483,-1855796894321857344
10,106,4494111093192671201,-2483225093026561409
10,107,-3007423002659457099,7216455254616665033
10,108,8910443093316652765,6589027055911960968
10,109,-3007423002659442715,-5136542828989541420
10,110,6797811545746472209,3317483356400849846
10,111,-1142025252762868051,-2612185040283772073
10,112,-3007423002659421139,4079314261093144708
10,113,-1142025252762853667,3451886062388440643
10,114,3065005421082968789,2824457863683736578
10,115,-2079353747512159536,3493986106494435412
11,0,4279768452005316819,6401138007892148995
11,1,330240973054476877,1951383920821620736
11,2,3141854722937829990,-2526527272897015772
11,3,3250528889477795282,5643782735760985504
11,4,3352804222323601372,-3779660375765499869
11,5,-8240971823811566021,-370492480090491300
11,6,-6736035922777890385,6640778358269780118
11,7,-7075814106836414950,590234946253397484
11,8,-12089328390151387,-4524875632209689740
11,9,142801219397138008,-4766245211037919556
11,10,-5693972393144243354,-1161583252976226086
11,11,6893847029955140983,3265582043434369044
11,12,-2535254524764905618,8054216150623056406
11,13,5546732270774274037,-2140436645540199766
11,14,-7202334860374403639,1578341903697733737
11,15,-4043486993318341559,3931722010829656253
11,16,5614887261229284351,7607220581202218438
11,17,-357423953250140045,7910416106802096415
11,18,-5524204131086842539,-4761364600519294207
11,19,1431259632140053182,-3703201325072013936
11,20,2826719300876690160,-9058224522914704443
11,21,2100272571129159934,136644628863839850
11,22,-6592753324142014848,4080053403310504601
11,23,-7890567575100743163,8207049550497793973
11,24,-5038676994693747778,2049966994331735334
11,25,-4050211112729405268,4071972482421660178
11,26,-4119252545618625960,-927025902998125045
11,27,-161215986836245010,8961207876071457756
11,28,5001478142117373321,-1497212040291300560
11,29,7051745795748297038,4015263445860640321
11,30,-4638284430151933832,-3367591640003244761
11,31,947612125679165385,-7865475665698065352
11,32,-3826501866832356046,-62020403184537132
11,33,498967263385141559,-9169840434577429183
11,34,-2510376295222672642,5920433367855146365
11,35,-670022803096258505,-2060801424682088388
11,36,3840478048867158366,-1079919781873872954
11,37,-61413743434915048,-2291322116431803813
11,38,7894902736742522383,6003910200852948230
11,39,-5944651462456704059,-1415457855125876738
11,40,5138286778812650728,-880687242769154347
11,41,6708307344522853817,6782982708925830413
11,42,-4309669388028420583,3421445217849848600
11,43,-9118496470891199400,-8975445008649296655
11,44,6894874495513921618,-7438309880942690873
11,45,1220473689431163097,2063548135262986566
11,46,5822787282777529339,-7476751940690433424
11,47,1281351775789384848,7841545304410476872
11,48,2868687637410563058,6163021148204130201
11,49,7612451035010569137,2984303550927399852
11,50,-8050685763109609892,355713689980987974
11,51,3265171053565709268,-2032001168402324099
11,52,-7553326640522254369,-6524225815901333706
11,53,3607267890173853898,6336769243003874357
11,54,-2494829374337425793,338082743550319041
11,55,-6955450127493299337,-8275824772641262219
11,56,-699906518182173131,4041457138814857167
11,57,1286786467727707977,7121150647287442765
11,58,1981177130941907246,8599517752118681578
11,59,-7510711060482415673,7595987665982407179
11,60,3851900156634600339,6592457579846132780
11,61,6692262647558164007,5588927493709858381
11,62,2913492573371165592,-8086991227060925496
11,63,5101990604671061364,3581867321437309583
11,64,-5744324788539726181,399221580079710229
11,65,-6318836251138355390,-8894980353479516669
11,66,-8532457498382790669,-8894980353479516669
11,67,6452644501347840208,6676789552622523411
11,68,-760174317495731349,6676789552622523411
11,69,8666353809439694422,6676789552622523411
11,70,4238177046665326149,6676789552622523411
12,0,5735141168251571922,-534493212347201515
12,1,6529970648002501539,3552462927011292998
12,2,8508321033313262004,5008222774421133180
12,3,-6273336438530180205,439341815763750177
12,4,8146392571374536908,806947231198204569
12,5,-8968719652081237034,7364630042046533658
12,6,5573339751244490656,440462030775444063
12,7,8813781267362863425,-1665707535742073458
12,8,-3301361305296931701,-4425668723837273663
12,9,-8078931701021954868,-5476395102254692174
12,10,3719643972900024110,-5556775858310035085
12,11,-7703083598887705806,8292209020984082631
12,12,-5612080816241860901,-1760545138721141797
12,13,4635999426705017431,901612629460741727
12,14,-1515452040980703025,-9002176103582308257
12,15,-4444161847882634465,7441584146217682952
12,16,-2794946430375936692,-7215179933210118453
12,17,-5125853992409337948,3188577583828163802
12,18,-888654843542824899,7315327670671187599
12,19,4886718390443071065,365774333853019913
12,20,-3890570403950734883,-5737066417928181366
12,21,-3143561624103193381,-4742422577563726307
12,22,-853777528714553370,-2779791785335690636
12,23,5894701899356814635,9090739811336196994
12,24,-2346305908154850162,5497580310005192057
12,25,-7331491257568280041,-1353557258665919696
12,26,9062712300090857639,-573956006869280625
12,27,3817567643980796471,-1462061193212929099
12,28,3802036553214392725,7444001744464659785
12,29,8843109568680223605,4034457837949173915
12,30,-4130380059125374031,3146352651605525441
12,31,-6390857990158933507,-6535142512063294632
12,32,1430298132192915763,776638613754925817
12,33,4332313929429455931,3817379791142805720
12,34,-7254684615727782389,4128457265417784277
12,35,7002922907806337437,4306783130297008460
12,36,-8625714711918768492,7244613323064008361
12,37,2309497906346571966,-6602896560968415846
12,38,4963799254912144722,-774423395454544150
12,39,-7786034852084700212,2061109553987698003
12,40,-2995327585777482691,5947656762109469821
12,41,-5491077448151524150,-534817423664441580
12,42,2587451317972392235,2807824668070841160
12,43,-6398967876919357814,3724428803892042127
12,44,7824933682429106619,2409970065757171578
12,45,-2130107051950605040,7215164567499917776
12,46,-3807626313865244237,8242772311691278645
13,0,-3678958818671967262,6401138007892148995
13,1,-3707582446584818111,3129641869162296127
13,2,4517079656771766949,1076177330654248806
13,3,-7815338707280612977,8249983223941440544
13,4,5322878403754434029,-8275412083819032169
13,5,-6722130668569560077,-3619919458353128491
13,6,4825603570018289318,-1214753029434249472
13,7,-695858615755335912,-7516956254345994433
13,8,6307662463565394078,-235574138765115427
13,9,-2190582847470003704,6834708390876470760
13,10,-1509773959502337539,-4541753153191494669
13,11,-7889271060389189826,2528529376450091518
13,12,4710390021086377085,514490203294955618
13,13,-3061889614451410180,891474206529888102
13,14,-6486985627411219079,6260674688571008369
13,15,95977655401413112,-7900236231713170564
13,16,3614894589926164965,-5536573475981452607
13,17,2278799862359477727,-5948577858270429841
13,18,-6383831347877013271,-6613218006982886066
13,19,8177943206137392895,-8484568743521232894
13,20,4568816037151799353,6445107539037488390
13,21,7611306050719353365,-7945654452429232042
13,22,6048366309142771907,8343349560491880307
13,23,-1532977965726244403,-8346758065857225262
13,24,-5496961774280771353,3393681298830012258
13,25,-8201132662580488456,-4373894257118155998
13,26,-1913922507738002729,-5874820839674898271
13,27,-1153321526964914522,-3927742657744485394
13,28,3372181004180264190,-2439387065915435186
13,29,6740091508383720439,-7309695055727118109
13,30,5069119967320768660,9217840353877239007
13,31,9209595752182383247,-1724413941985234958
13,32,-4991338763612959915,-5963861477436712561
13,33,6077973290073364922,-5466998472752832989
13,34,1522141358698570396,7150405268178397128
13,35,-249147930123901518,4931766661253690711
13,36,-4728187740920877398,-5910328511605923639
13,37,-6370366173160993560,8765114992071565179
13,38,-4880505833627936641,6494557549881151322
13,39,-672338971100576154,5512155150776827871
13,40,2652512862232376833,6355389237215087573
13,41,-8037254132815058554,-3378848007772264699
13,42,6201323078367151237,7751535669030969767
13,43,7677209241775560648,618178301900782982
13,44,4514771678166589339,3493246419922112348
13,45,-6031213074955848908,963832533180858172
13,46,-7490603249556284976,8169963154699464745
13,47,4237047217504078129,-8600489987396777626
13,48,2632251692189852723,829368473132729529
13,49,-4484491771988617650,-4277123005652811487
13,50,4941455883040053807,5660254104750186576
13,51,-5907967324183082482,5285886224842795982
13,52,-6997863817998240471,-5118540151923399071
13,53,-1094967635391127385,5787507995620305726
13,54,-4389058094622485176,-5324820291405807463
13,55,7229615674144658758,777128111849951601
13,56,7271426223413322113,-8950385522875532
13,57,1215324830403491973,-6736075900561912868
13,58,-5298150560483417405,4803236394409025990
13,59,-3298992893575198267,-7334315564914005845
13,60,-4440405229138470682,-5298967846926182912
13,61,5866740352264099488,252467945481065644
13,62,2145702088264309487,6849895383631056358
13,63,9092630786754632974,1959556552171045523
14,0,6471127681338147603,-534493212347201515
14,1,-3601895974366231282,1652285784488740099
14,2,-8794762297468923778,8492911315688770527
14,3,5014694731278048798,3343733943137662063
14,4,-6757489051844672036,-408163181701631402
14,5,-7268921515364469120,-8415874824135433961
14,6,-5168070286574491222,3832070226570843017
14,7,-160460245199566610,6610288461427989754
14,8,-5381824699085094881,5722183275084341280
14,9,2345122794009041355,372693368030682150
14,10,600548995105711742,-1943119174535105524
14,11,-2524809191706273632,-4931219856065638562
14,12,1897866494164772964,-1385137424786936406
14,13,-435607332649253029,8269958205517693478
14,14,3649270307874564534,-7950148017796632438
14,15,8281149338447669080,-1848304420928688220
14,16,2651496641631941570,-7495604845489306449
14,17,317566824913936081,3097064765324603851
14,18,-7916094964028479840,7904040987929785827
14,19,-6117023589565757306,-703288662280160721
14,20,4718343491981179719,-4103300402715335385
14,21,4989416682567608206,9145993327514153729
14,22,-3786497678299934196,-7796801401915111984
14,23,-7156619257138059821,8987158237561885237
14,24,-1369338126854219764,-4775361546419674243
14,25,2253438745296605960,4782129230861925702
14,26,5702922363673053025,-2726932362935634118
14,27,-1751080835800024714,-3593684724673720439
14,28,2465184904081367570,-1850724440453288220
14,29,-4885048103359326561,2066795328308668011
14,30,264222816247029165,1012152268453672861
14,31,-3399593045633811754,7605900418262887480
14,32,2558926724877487563,-1904254613197953754
14,33,-6516882824322161264,8828707145272662989
14,34,-80406424083729410,-7962203034420964271
14,35,5346384646853033970,-1025847881612840765
14,36,421690353586505861,-7693863405664777425
14,37,3121841519401396315,-2825011817703660630
14,38,-5443788980975924309,1653447382703525733
14,39,-8338422126108995367,-6425437255607537706
14,40,7703185815841542173,-6378256924039122843
14,41,749019611547127016,8599464924136589829
14,42,-6223523550905356570,6031361856064754236
14,43,-3283621219555637600,2338333063559605432
14,44,3203604331055642155,-1071496118018588963
14,45,3075492901165887353,-6620354932186743454
14,46,-3233645216298047283,-4833503111219467521
14,47,7892933377345754891,-6538964837808960956
14,48,-98577358253328341,6096032102687459958
14,49,-174214040912689677,5864735905486365313
14,50,3996706719222107042,-1204977062850226009
14,51,-6253071459374339408,-490315737905569972
14,52,-4588250368753342258,-4813725287038818424
14,53,-7372840608309695601,6652015953797411854
14,54,-5184068671968421316,-577318139686699153
14,55,-3737296623014007480,8480679393274898310
14,56,-3093095482056530600,-7027808757123662556
14,57,-8731723882184849627,6786293215852333887
14,58,4268118914709031003,3170112026231016164
14,59,7680982608437378527,4256079179454375661
14,60,-3598040500432785948,2719777238899112005
14,61,-7844452035909901139,-4174648779490304070
14,62,2170097851452456587,-3712272094970569979
14,63,3567050667404503471,2929096768676650524
14,64,8349148908090810637,2929096741164036413
14,65,-6621339685179769477,2929096713651422302
14,66,-8380944340281086765,2929096686138808191
14,67,-8736892778085553698,-1838159519223720627
14,68,4318335757343215815,-1469578424981327529
14,69,-5968579374047935257,-2097033063308192265
14,70,3432923249527515328,-2724487701635057001
14,71,-5931130447545220682,-8322820515806904088
14,72,-6470222262306037888,-7222936102000588491
14,73,-2363213926578099958,-3481961890895034219
14,74,4619790635968265323,2776512940800182596
14,75,-5965783958196569324,4612647293367269002
14,76,-2784406855385352785,1467622467596980831
14,77,-5458961352000321869,840167829270116095
14,78,-3472996989740108307,212713190943251359
14,79,5761869929160139564,3499925125884775776
14,80,2384799299027890656,7240899336990330048
14,81,-1256125541682743306,-1669650724037342849
14,82,752549493494070954,-2297105362364207585
14,83,-1315002502137920825,-4291691609766633818
14,84,382096226901447157,-3915231213652365836
14,85,6125481051431450367,2574766498502377800
14,86,-4847400808883601963,2243005208886978970
14,87,-3199603824749219137,6270187394149774912
14,88,-5657796224391183170,-4193463652299710493
14,89,-1493841061202644946,3789629374960355718
15,0,-7827514335591814277,-534493212347201515
15,1,-1656130388259142328,2910855616776602593
15,2,-6932786871444984663,127655787057543654
15,3,-6689433246627866973,-2788636860393206285
15,4,-996734133848320030,-4195818658198316428
15,5,-4728826113608435423,-7836052945466037027
15,6,6290773504924431151,-874912597300845040
15,7,-8706146124397994988,5856969437422860557
15,8,458240193571482662,6136931176747724664
15,9,4816853892741985608,-6724702623537587861
15,10,2386804629598810643,-7612807809881236335
15,11,2720962009758988503,-1085716050388956513
15,12,8864028370902890142,6798238925617762954
15,13,8748841976903602934,-2383180587517787484
15,14,-2544550562673255225,-2323369514212868664
15,15,1803492586866494997,1290291388425379764
15,16,-3860232331538573778,-8378518422972714656
15,17,410354570602808089,264347348275749073
15,18,-9216351774222164635,3903964916164909919
15,19,9005692665186981611,-4708494183070958792
15,20,-4046920278072201641,-4992483223193466632
15,21,-5815079535445035265,3571020850020901091
15,22,3966724387171016000,-2249765559099278467
15,23,-3877246037440335488,655136348938541840
15,24,3598015967676383792,3018894830208338489
15,25,-8419437298717555321,386754002793681082
15,26,-8713158686427011232,8190907513779452671
15,27,-9030962296849339303,-9205488234529445123
15,28,-272625307049732452,-724978401278154049
15,29,7689173853429860116,3603522428618107074
16,0,5684807650267813830,-534493212347201515
16,1,-5370750444089245313,-1092466660963774397
16,2,-2688526088584758227,4351503747579123888
16,3,9018966934170107542,401925071450017915
16,4,-1037788887818852406,-861714122311508209
16,5,-2572994134402939555,-1047309469022699050
16,6,4754063367832788112,7763771126181103746
16,7,4605644635885452982,-6219221759096934406
16,8,-4831542668922920780,-7309765727351006026
16,9,5833808972487060104,-2284434883249929399
16,10,-4311278028820038154,5505030092882201167
16,11,-184138344235775285,-2005769571203070764
16,12,-2230373966898464499,8128534213090825726
16,13,-3581032121186222945,6811549562037990539
16,14,1845743353412504762,6673153961301035781
16,15,-1231235664808639388,4466011343861722141
16,16,-4301862726053775743,-1686794259991949686
16,17,-2847881055422467220,6608892783601352282
16,18,-4478809719725542620,-9169331839930660063
16,19,-7655950391906330144,8498877688954185779
16,20,6011986307268338207,-4630227121501771617
16,21,-5712893048910377379,8000694392333268134
16,22,-6554991118470138163,-7470269423478355885
16,23,-6628583962831992883,-2246218899991936739
16,24,558097219273039612,-5438969993557320478
16,25,-178092928123657339,4742077978222233721
16,26,-7860221886093608223,3365923577435955169
16,27,1197035409376971754,5110102831158259142
16,28,-4794533390478307727,-9115949736612685261
16,29,-7078351553531433839,-5982091201628826464
16,30,-623109554420597510,6139075777676644569
16,31,-9129034822580368469,4140334349282223327
16,32,6515120589797752164,1699744078628868045
16,33,6580849645354371290,1213297206523833553
16,34,-5034984402627695011,-7904417168002329700
16,35,-2485116521882003344,-3286244495503325307
16,36,-8700762015248532095,3196792585942844178
16,37,-4409378494057631639,-1472249219872380693
16,38,-4401973014958468154,-5620744123020251431
16,39,-4306522121705164228,-5765802449692312490
16,40,-6416323775464555191,-683645046981425927
16,41,3767724172246362536,6909802750381465982
16,42,8829810165026091253,-4075350156821978911
16,43,527997422008616365,-2069607797387007007
16,44,-4256904890841186331,3568277387235901606
16,45,-6948576807124043279,-4211127616195074547
16,46,5376068701578882288,-6001168379105815414
16,47,8938903721487647770,-4059909632770082538
17,0,-1998541185704661674,-7986119331356601344
17,1,-5035692929299337934,-1492313622421400453
17,2,3498061963990780998,1980076053625404152
17,3,-9022463109283501793,8291056775537316730
17,4,1691929999313174474,1004473754862812276
17,5,6496175711551659734,-6893197419874444426
17,6,-8746921120724714906,5497133713012374677
17,7,-1399511428642575858,-8502245914731432662
17,8,-8780702644862360101,-3693621349819045178
17,9,6246689268024856145,861195630068549667
17,10,-6244840806538854079,2501298684271217531
17,11,-454114106290113385,6075495238482579751
17,12,-2497944508185190829,6207435861569457346
17,13,4551917240885895777,2699436898743632851
17,14,1807029387022365801,-4711393010448732883
17,15,992683535292061888,-7880829502992328106
17,16,-5331025518645929347,7028033641697398321
17,17,232903912411536816,-8468061420547913873
17,18,318468085109096174,-5978146652401806316
17,19,-7514039741030812882,2318242867414324693
17,20,6449090672666337046,3390340663949908162
17,21,2915581053965924922,-3265107762862833919
17,22,8546081859451247201,4111716005188151545
17,23,-3324363610489198916,-5453032467539381996
17,24,7000331192799190168,3428963133442636079
17,25,6444368120796791654,2444134562954012905
17,26,-1334293320534165325,2583179275790953127
17,27,4860840152796172415,-7664717008307225701
17,28,3851155413565889967,2786592344848873983
17,29,-5378643374540654443,-9049807589667696987
17,30,-2410814655108485572,5244914423446464557
17,31,4817736357933204852,4247048354465668227
17,32,3732207383933698575,-9066145781406212762
17,33,-4930260436467241038,2216588111206072555
17,34,-1060854975374053821,1873138074209887595
17,35,-8147042538940603247,365046714928462202
17,36,9039580364625439619,5559495487298186359
17,37,-7617666670142273711,-5663786421468641434
17,38,-5485916350773978281,-7406819028951557269
17,39,-204338564606018488,-7346337134629643696
17,40,1526083141521871983,9079593384889321027
17,41,3801863772795010337,8066149967005260362
17,42,-3070978782155206616,4827101564745948521
17,43,546107608554393268,-541776787004079558
17,44,5613726611601919094,2909325094110176850
17,45,-6903156709017059398,1296224585368150506
17,46,7548309963941333234,-2421785046022666165
17,47,-5048872144346452359,2510292927867447801
17,48,-2604714541721387036,-6281355515537473931
17,49,-2587545644749244285,402279681989985942
17,50,-5896809073853196360,-135918215044152490
17,51,-819528564681480195,-4177875294854503216
17,52,667511671502406070,-3243009666326260148
17,53,7136852940397363665,2294063591515145654
17,54,-2212106076583385792,45983148609084777
17,55,8400639849397756243,-3260309446601107712
17,56,5710313427652429922,-2341803200997620018
17,57,-5965500551360554031,6569297491274236523
17,58,6370244829463976242,-605416475730419167
17,59,-5685441366880809834,-835402547621849419
17,60,6241152745889582217,2797155702171582770
17,61,-3513213380186998320,-5815342292199312013
17,62,-1596218341702744790,8691475982499389469
17,63,-3397073734149689262,-5533649769442134076
18,0,-5579409675256367648,-534493212347201515
18,1,4352559786877323065,5276761583644324670
18,2,-5147465152945068573,1410528307401619099
18,3,457530125604547055,-2301914254591319742
18,4,6363408468469108624,-2383125691601646923
18,5,1699857917019581567,5979680374122858244
18,6,3793950499022952942,418752121791564972
18,7,7062484411269434975,3588033321627458514
18,8,4387126750791290134,-7199887100499867030
18,9,520986366380115201,3399988637311931295
18,10,1057772879461574382,-8927227849025537079
18,11,-4452013378058128548,-6954267595971034534
18,12,3258787065558505576,-6504058193178366411
18,13,8798311608363207761,-1613595780637451009
18,14,6297005205092273012,-4511659366837700573
18,15,984423559041273854,-7720317543206918695
18,16,-5571937868672601906,4812093226514300907
18,17,-7762574734046922353,-8802257673266605563
18,18,4860885016608163048,852837957038024321
18,19,6279671888290420131,7841129480658606878
18,20,7573313933877680432,855273657069037088
18,21,-5146588246477593639,-5765477576650943236
18,22,-2329859638361627324,6501100744161497478
18,23,-4071217610837044093,-3008637540193466347
18,24,-3828714888350594448,4106975991610342606
18,25,5475235955791834673,133397207256388373
18,26,-5802600234013434878,6069566215403577811
18,27,2405186081675993215,-3708797167300008865
18,28,156216363270039339,-1746784245813232472
18,29,3168870045085866736,3496532102224873982
18,30,4796621901689995892,7581845709406577691
18,31,-6249553972762483382,-800627939157771304
18,32,7631273381927553977,-2324595792758116460
18,33,7145229748130125253,7291086796831734936
18,34,8750492689874751452,8137305803288958502
18,35,-594627859852204058,-1398337578148736573
18,36,1471725461873812874,4260924827354691989
18,37,-5455343432513526252,-3331209817249521411
18,38,-5759662178462406163,-8493100262134432389
18,39,-8029150756246962671,-8499519879197757248
18,40,-8418463255157040343,8748146002203652535
18,41,7500777403434974492,-6659621063059555357
19,0,-6026941719243934211,8748087375324583396
19,1,-8646817470541275364,-29044467815199319
19,2,1468299788296173755,-8312441460656248984
19,3,2558344688553055597,3130364036941351037
19,4,5867733281102359603,1548786654573679205
19,5,-3868026118843820502,6769381092379861597
19,6,-5090480362305051383,-351850198287556184
19,7,649081192069008307,3519936017519361411
19,8,1695346936789015391,-1132647131795043616
19,9,4933636231910635259,207687994778496786
19,10,-3332762990253197994,-7258681151121831567
19,11,5812668154204059042,-3748412370654569125
19,12,-5981296907128504563,2582252015264836800
19,13,281814041871017317,-9216425145999973972
19,14,-1844309867681641038,-3619809851025938549
19,15,9000203617890302993,3885442898956139926
19,16,5912029546142550210,-7102489937879624402
19,17,-5018685602151900491,5910148640702119540
19,18,317980780175847896,7108381067348277434
19,19,3393174314558973611,5615524818301714823
19,20,5136039970295429862,-3949223654425818718
19,21,4628125164768708271,4932771946556199357
19,22,8638907295342243880,2556279807510286504
19,23,7336306815254335826,-4047628293826475802
19,24,5440381457228281575,2731687997568318586
19,25,-660458614034665500,-6087532415608773761
19,26,6425993589792814400,-6399959837144225397
19,27,7997066968316096360,5292675326676699741
19,28,-7257239687366653587,-283615075650874151
19,29,2426216189256364112,-6216589102830818028
19,30,-5586433784169040285,-280420094683628590
19,31,-5987104141648667456,4160632335217191281
19,32,3666707060915086393,-8832334128729333614
19,33,4897959717815578459,2448253872031162542
19,34,-4338372881679518522,-7557815460726573212
19,35,7921534463285848259,-3208624033240794722
19,36,4020696546021792077,-9168204927134867301
19,37,-516518850853123976,1845357803560634564
19,38,-4695784097676890457,-6532874384363787835
19,39,4326059690480409215,2585896552314733899
19,40,8370338968611621051,-34418313853961476
19,41,-225421836827860234,8771680207852012781
19,42,4356473577780302690,-7210175222718746283
19,43,-3746357109001851770,8118023539197647736
19,44,-3055766465651832836,-8039876287652050513
19,45,5613082718171036472,6949462046309241594
19,46,6070266055971288675,-518347078590974646
19,47,2034523517040334926,-8663188989728742389
19,48,-3755190197685206061,-2334556021432704402
19,49,346398906083692598,7527187947564563204
19,50,7523824118575530652,1273448435623046376
19,51,527914963382241487,5320629834567775570
19,52,-4556463815020293153,7749636612725035309
20,0,-1065544043419734321,6401138007892148995
20,1,3066332561340602090,-3199020980902693730
20,2,-8794244529848939833,-1045111220923942305
20,3,-939573679249983813,-8849545243691984163
20,4,5050750250346734130,-2586644083923225903
20,5,-6332118980942770851,2495513318787660660
20,6,-5018943511550446849,-5819156767150364318
20,7,-3712528158712513307,54502792915509095
20,8,1489042929483520249,-833602393428139379
20,9,-9036295955008298436,3722682402145507400
20,10,-343071693284466537,471329639926021104
20,11,8657720450064388306,6942340362660239577
20,12,-5303264407275170429,-800395801115887964
20,13,7808374183388667112,6688331810433210539
20,14,5912732990883036760,2670492019200970393
20,15,-2009860261444586092,7534694393800098513
20,16,-4344066281036434181,-5407697209020178092
20,17,6401232231060573895,2038425541103142494
20,18,-6930493669289366624,5504414554098139545
20,19,8276516054880389654,-6310569436292675787
20,20,4695998417295940818,4336796127322655463
20,21,4504497420088786863,-8786683996723780754
20,22,-3631681375707827494,1657633583676938806
20,23,2799223293818704411,3082504370977706840
20,24,-1826503327933722459,6457650264411588465
20,25,6834051525209952298,8577230303979807824
20,26,-7690990926999767123,5116720126112690392
20,27,-6158005317411003159,-5886418974062372158
20,28,-3960243634530334979,3144419188612412197
20,29,1019486089699429896,7872761722252107383
20,30,-8878485836795600440,-4070482092118476136
20,31,-7591526958520879796,-7607747391803890449
20,32,-6118949447506762236,5036361088872540050
20,33,-5847248697955026913,6975890547114467522
20,34,-1900895203587786786,8532151487534928671
20,35,-3481196260730141824,-6651906894966126460
20,36,4643306319865754297,1032694863041248096
20,37,-5417002708556367714,-2019352355331034526
20,38,8167350528606049921,-1483136383393002519
20,39,-5724187157572505030,3080652689267225827
20,40,-2834213195953112815,8169400270029129051
20,41,4767224497743297518,2763520014875454613
20,42,8300619681294529963,-1207063757661685013
20,43,-8980079871125902457,3106668929783083223
20,44,7111933259999646304,4487482340427936072
20,45,-3962094855207860959,-6527832509148789923
20,46,929253184969651122,-9020108701096382655
20,47,-2383364329587682949,7666681467121728427
20,48,-1503465731646721734,-7483128029988454356
20,49,-1926074924537538152,-6964590971282724480
20,50,-28861879264140004,7579807928675209860
20,51,-5754362308434042163,2046643492583419514
20,52,-4389585253958294923,5099249909485790666
20,53,6955317201753782369,-5088194312979781552
20,54,-1827742680883680331,4686483501977840255
20,55,-3147396739725101960,-7629720257770648481
20,56,8389315883871261522,4272106579247415902
20,57,-8559217801737510314,1853400196195220762
20,58,-1170309572396732540,-8375329273643773509
20,59,5020655515211073493,8331661159519233467
20,60,-7321690609109422223,8060699934097341181
20,61,229187706959105975,8868066193114961404
20,62,-5126749176035204616,-1418391627787325064
20,63,-5406240811130515078,3878701219390825560
21,0,5565777424913117328,-534493212347201515
21,1,-1227503709177558116,6507202318984563997
21,2,4440531553480457552,-5932194384805052803
21,3,5524565457891109161,-3173057492796098769
21,4,-3809584481650606558,-1893141419324304684
21,5,-6392159059354474483,-7445861494405081637
21,6,6081633817556441660,4809744370315528496
21,7,5888821949720555267,-5476270810043752836
21,8,-5819457658054880975,7858229811103825436
21,9,3374482350855721541,-756633871991250569
21,10,225311619786760055,-6698927888747916990
21,11,-7383054024201056051,166768812774391100
21,12,-8409484557796769903,-833113177381782579
21,13,-3972215402508798691,-4778907700757387601
21,14,8356885998371469745,-2822239297232293979
21,15,-3704915961044000438,-6164254515510333967
21,16,9042674383129603874,8953547127611263758
21,17,-8953672014979765661,-9129089949025308506
21,18,-764362641470879025,788183474004032677
21,19,-3627236847458524135,-3375460155993660736
21,20,8874842428200089558,8305762037995549881
22,0,3953864927863296591,-534493212347201515
22,1,214245206234714125,-3457088656940135626
22,2,2795643704184452378,-5677414967793281750
22,3,-7767769000164460938,-751522206295607420
22,4,-3427924462226290906,6827024166620382415
22,5,3593212777318259511,7843662673690069056
22,6,7476212191444479491,-8561511782997805492
22,7,-7339646233177079499,2226619244510129949
22,8,-7843480848692756864,8703122480051425767
22,9,-8825344351587843939,-4540395367438560007
22,10,-6165495667365149354,499624918761152430
22,11,4082753801880243738,-8207996708086008184
22,12,7421524103247600583,-4233529498598689906
22,13,-1449877220980291467,-1633281826748847512
22,14,5388308338564605234,-5659357249063961857
22,15,209384501452877743,2503041718819232278
22,16,-8203922535375567081,8514648195305171170
22,17,-879733226696281852,-8051919421051065467
22,18,706756583287822887,8055033768606550406
22,19,-37174323378935116,-8986704682525478528
22,20,-3292207951226709683,-4444153716236659827
22,21,-5847106401498736849,8249447278513156339
22,22,-4353068262763866642,7584010402706649202
22,23,3627790040187544715,-1746078610248527894
22,24,4242555620801826590,-5843395473858949486
22,25,8495930530071672406,-6618507346697602230
22,26,7415039097983042234,7447457168408993606
22,27,-4463493850181669750,2367259617894199398
22,28,5672575576218285471,-8683618357075928295
22,29,5117516287185440931,-6250132578939380493
22,30,4796118046582562018,608437094868378705
22,31,-4889306182214773794,-8261924402152645360
22,32,7958042019438071838,-8529904146586427015
22,33,1663453149326765640,7622099250514954660
22,34,5228905007191751988,-9081684538974164737
22,35,3215050391292972932,8228931493654154197
22,36,-1510464904263160624,-8785953636185490260
22,37,-3457640988286700809,7274634536903816202
22,38,-5190543785037180815,1013185310205737356
22,39,4865670125884757244,-8575181411802591861
22,40,2093396653335637920,8032920986499428885
22,41,-6424780175726803367,-8177332040066315726
22,42,6239405559858354300,426607633622235453
22,43,-3208694605591591705,1070889172154239366
22,44,-1595249175259236599,-5173833570676594112
22,45,-2563853075536183972,1116801991657274830
22,46,-7769230010073320227,7787678559725046206
22,47,4866583846362020346,9100737257322738274
22,48,2494412815469146816,8172762910715218543
22,49,-6096386001866068479,258064166386465198
22,50,5619973446127927279,-3342133076267807939
22,51,-3403292430819598348,-4588793673045274906
22,52,-703083367138849297,-4759045640294042088
22,53,-4514529161138112319,630751964308830682
22,54,7174454581833201774,-8992062439800099544
22,55,-6019285229464157152,-5943654093106342058
22,56,-8927193410233746834,3962356771876036660
22,57,6155512990941327366,5719166963176301708
22,58,399466916535269315,-8999507147688451951
22,59,2729554406822601779,8965791560994322543
22,60,-8455149909847880059,8484346195967545421
22,61,-1157425354047972025,5654638847627006595
22,62,8818481012778294671,3088528222927050717
22,63,3918531829502975298,233486209673463987
23,0,-3875346612401928330,-534493212347201515
23,1,-1819479948034059388,-3959006155130351518
23,2,-1214117536175244206,1389086075484681455
23,3,-3915456087519185004,2075804001704951130
23,4,6550174669559580437,-99107849108224430
23,5,4618724374492534027,-8070754225975863894
23,6,-5009186840113670202,-4429716719468066598
23,7,5473865723497570484,2302165315255638999
23,8,-3183918942900096707,5542921444945067471
23,9,4564820746199762332,3075915547699333891
23,10,8362187595020761313,5125777845887546729
23,11,-633684485619843774,-6907874171911602363
23,12,-7663082769913804926,-5042330673833046603
23,13,580723429656768046,7463596353567530381
23,14,977113051723397303,-4843755218627434127
23,15,-8367759434806774567,7246295314598191759
23,16,7797703064267954312,-6375106722217003651
23,17,6386945534085605259,8803385756585210108
23,18,1254390955789799567,-3707189308977152070
23,19,-8119507359889659344,2228979699170037368
23,20,2168200911724335537,6985939017264638898
23,21,-1810251982488188856,-5569532920993816265
23,22,734711499916647767,-5982547221803525669
23,23,-4939988756479968385,6683200567821687303
23,24,-7169511872375419301,394085450911387989
23,25,-4318420916781738245,-3314632222273515733
23,26,1106466063217345204,7638981224601905718
23,27,4278349316311767303,-1192080259517794502
23,28,959029026272420938,-4834354957488714226
23,29,-6101160751140950099,1727165722544785768
23,30,3716464458315598763,-3938422421960247704
23,31,-5728299120959293732,-4366903144211236292
23,32,912754545077779753,4237879807975382635
23,33,2891484813517418761,-1197447116307569831
23,34,-1788142005078965167,4980114465015772052
23,35,-5324020810661520880,-4555528916421923023
23,36,-4308512702075268917,7876233918277220167
23,37,-3138885181703936215,-7028937406385378540
23,38,-1785067728494929833,-5825024006178067309
23,39,496940994123451209,6000968833811503983
23,40,3325639922832860897,-8807207348540463107
23,41,-7692350955508795116,8396396498054464009
23,42,2493245289458181298,-6045100978447506466
23,43,1936655092670967477,-8394334310046509456
23,44,6004616965785001262,-4008842281424396136
23,45,1997147946717703795,4320391486233779646
23,46,1783302007765797992,-3280075444638643661
23,47,-5953422037774975472,6358647291376102479
23,48,-3299122313543626008,7323047247028904307
23,49,8062206694418087402,-4412378948277777418
23,50,-2137447757577319649,2430505390600910520
23,51,-8913271902230413311,-8677635310679511971
23,52,3751261388588861624,4964065205744005063
23,53,-7905858116810864715,-979580278009573106
23,54,1184513383685379302,-6085755904618553456
23,55,7284512130771186136,2637780202105127967
23,56,3924587111911238374,6698179085610693518
23,57,7925991409094843444,-8568837014803810131
23,58,1955984401406669578,-2982284217628488532
23,59,-6333781517093675580,2937479581894998832
23,60,-6574760752152077414,-1213792344711854591
23,61,1880711562647953811,-8294997505513214120
24,0,-7672609934735449824,-7986119331356601344
24,1,2354046757423820227,9113859010613669408
24,2,3741953794884904868,-5123304741252541019
24,3,8778016865778200786,-8591805694348365492
24,4,3370625292441590531,2050992409469514576
24,5,7176157768922649121,485270027835024109
24,6,2057378310344082963,3565961481107113463
24,7,-4844595734582857455,-6571748066349190062
24,8,-6645074402090013127,-6705023042520069379
24,9,6729215414206169803,7077300668948232918
24,10,5470584337174736238,2145272197120586720
24,11,-6605844362832036859,-1658294184406070148
24,12,-1181066636333019764,-1288248329869648733
24,13,-79823998057258111,-3843071112907352918
24,14,4594307539998571721,-3306936690735230684
24,15,-425573503060701973,1459281875937893603
24,16,-8929322405493964697,-7569069790714975165
24,17,-1884889514830186837,4286657324921498847
24,18,-5997945098450915788,1577147611750507621
24,19,6332757634555255171,16066628885143042
24,20,1337981798215133165,5479329704590652742
24,21,4185655861678090811,-4241270223364023641
24,22,-494357875576350047,-8053834618478138645
24,23,-552427612246435123,7081134377768782623
24,24,736040180472613713,-1321796160335652647
24,25,-8957094360912682159,-2226728544677715866
24,26,5381072811726428571,-2736543860137690084
24,27,1607278833512152667,1530030636966420303
24,28,-8980615565248404347,8645100014456843220
24,29,-8579179108837657606,8391236231091500471
24,30,-5750013805065554949,-5325272558432959363
24,31,-6778848054263816417,3109619309519817930
24,32,2961070923526339097,-1155768160737735405
24,33,-1557324964156983111,4162881517320038964
24,34,5257656429464418050,-5878723691503491747
24,35,7897652714323746537,1094250011339607310
24,36,-1988908050677785123,8743300899568284973
24,37,-7987417182540048082,-108555918642058751
24,38,-6438151573841531892,-5340250202082023185
24,39,-2753490026505009672,8143446684740096662
24,40,4298665767410878572,6985970500086380359
24,41,7926504599737326894,7419134392068629260
24,42,-3916285232577243889,-5950877749385387588
24,43,8303849288516861100,3541201541361035409
24,44,7691255815802248244,-282311822904917471
24,45,4749331845962790872,2513126460747950848
24,46,-6356629358791878374,6638810240768776439
24,47,2933273913327551633,5878055807608582135
24,48,8682316814848438612,4989950621264933661
24,49,-3234105332816847306,4668414608208797095
24,50,-8059208361667484293,6209140123429706643
24,51,-3714131059220791933,8924996541841524668
24,52,-5470059763780179604,-7549551887702693174
24,53,6365482219450878241,5937972363086461446
24,54,6379535896582535910,9214478564257477074
24,55,1052233198138836381,586934131103523250
24,56,-5717191465321672865,1350492018452827405
24,57,1671179545842858723,-8919241254184677136
24,58,5188225275971877338,-7875793468753022833
24,59,3661329421630988358,21327434236674094
24,60,6334803854021966698,-7127578901703894635
24,61,567274790736807776,1304400781800739634
24,62,-521564499243787307,995723228854401945
24,63,9000578335600011321,770290438440217304
24,64,-3899672736431096053,5191134540519907400
24,65,309148965607446356,8749393495082572559
24,66,7343303611531158355,131150652033494160
24,67,-2952349067989748331,-3100914058196316146
24,68,-3338165119543878973,-8634484782245684364
24,69,6118957423595720910,-4164200438035008749
24,70,-7670078284679524730,306083906175666866
24,71,-683601649452528902,4776368250386342481
24,72,8667706729403190448,-8395711289995536375
24,73,6463803321926120106,-7277311338781745335
24,74,-7471975110915363483,-912953959583745671
24,75,-5170390394076144268,4840051094001792134
24,76,-5908195150353420817,2147162327357873044
24,77,4624580460169446760,2147162299845258933
24,78,3821652664998604461,7411460215801625000
24,79,-219539420456727273,3204403211430512857
24,80,-8761516642336493384,1697000082165184005
24,81,-4885968456186358912,3204403211430512857
24,82,207507903031916162,1697000082165184005
24,83,-2646225760350114952,3204403211430512857
24,84,6670826903137078863,1697000082165184005
24,85,-9034279405169763654,1697000082165184005
24,86,-7656956862041587742,1697000082165184005
24,87,7988848187078530899,1697000082165184005
24,88,6004413313575455761,1697000082165184005
24,89,-5865352105814063221,1697000082165184005
24,90,4146997393098855771,3204403211430512857
24,91,8082237127416171225,1697000082165184005
24,92,-2562303975094622227,1697000082165184005
24,93,3878205437125017994,3204403211430512857
24,94,5569088604660830253,1697000082165184005
24,95,561855865985893503,1697000082165184005
24,96,-5617935330535829521,1697000082165184005
24,97,-6194373753960315489,1697000082165184005
24,98,5301736094081017370,1697000082165184005
24,99,-3279720881610990922,3204403211430512857
24,100,1957804933117601053,3204403211430512857
24,101,-8715340383681629205,3204403211430512857
24,102,1241961324168902149,1697000082165184005
24,103,3958636815241235525,1697000082165184005
24,104,-8652836092096878683,1697000082165184005
24,105,1873270834374134055,-2983269374386986233
24,106,1383633271945556005,3204403211430512857
24,107,-6633963433153340779,3204403211430512857
24,108,8554212119417057531,1697000082165184005
24,109,-145177915303699070,3204403211430512857
24,110,8487425207318929992,1697000082165184005
24,111,-8879339011511353400,8527165203210206081
24,112,1772419848988623024,1697000082165184005
24,113,6086537519581269358,1697000082165184005
24,114,-889055507364167757,1697000082165184005
24,115,1366940936579926394,3204403211430512857
24,116,-4963636174593368589,6381344567191592026
24,117,-3184516347685998579,1697000082165184005
24,118,7780265816483382599,1697000082165184005
24,119,-6282064425088104208,-2906624248433628162
24,120,7446155818894164518,1697000082165184005
24,121,4866078502961715386,1697000082165184005
24,122,-3277224013143575225,139378254775865760
24,123,-5323749267344744281,3204403211430512857
24,124,-2370259456156169120,3204403211430512857
24,125,-2906334251693010150,1697000082165184005
25,0,-8572705348947883906,-534493212347201515
25,1,-751719795138137001,5384347840090534113
25,2,5786348828886828917,3537828797126830791
25,3,1468853694290019697,-5883506157656923111
25,4,8893225846982269242,3372296829663487038
25,5,-7399791193273017979,-546100996372831961
25,6,-4199622905603538789,6373204079262414032
25,7,1379741050928001814,4737649609284801801
25,8,-405031790789118898,-1867125341668182723
25,9,-4010438085639495474,1271016740811198086
25,10,5156705748339614822,967702992155919913
25,11,4145742626910949255,-4477997617080649637
25,12,1730010668765458281,-8811467767873058033
25,13,7694233778958832700,7443896459525317386
25,14,805744872097429225,7391347251915479963
25,15,-7754019699613967418,-8964276349743090699
25,16,3573348232653338388,-8722313477432899001
25,17,-1346013539646051736,1277067411272167875
25,18,-2870118029267146955,2295850706478984457
25,19,7001598181982645956,4345713004667197295
25,20,-7367693299409188288,157730636913959534
25,21,-7616872523058584180,1095037708412700771
25,22,5945901121494964861,1071287564882192146
25,23,-3404450107322279249,3836308871564043530
25,24,2705430926191080329,-6526660992432086520
25,25,-5608160939567912190,4754045538631779139
25,26,6354412652015387837,4737438184779031618
25,27,-3847659135965456493,8527418179060781829
25,28,7443479760374108713,6983346810622553682
25,29,-7167242652118543177,-1597751680796281006
25,30,8761499652698586649,-3363591345435277647
25,31,6947933967593203427,-4534800624076012653
25,32,6747029323039087394,1907630615050143120
25,33,-3073384758739891553,1595730236929639152
25,34,7372705038201742555,4483275622856841009
25,35,-6642816307477454198,-3398757117551032581
25,36,-369173108363320079,-7854041238283660674
25,37,-926194914341649716,255985936484711923
25,38,3705651319987533952,3431997262688103103
25,39,6300074965544100108,6687929687506476710
25,40,-926003400641439238,7577303605860530430
25,41,1576802463633977160,5409009238082488764
25,42,-1531539161261243082,2890665691197958266
25,43,939950666437076903,-5466882128474634985
25,44,5154175939977091761,-4672321102485872342
26,0,-5927833397112405107,-534493212347201515
26,1,-5633929729672857805,-1177731292101405664
26,2,-4574134469346020633,382048823213909707
26,3,-2931702472953903529,-9183850179064857740
26,4,3672794800856965679,3420583675456373488
26,5,-2818874751720853554,8760533948179224692
26,6,-4687842633708873272,-679947140570533369
26,7,-3968456185781773504,6620633950461201822
26,8,-5215786590885060428,-7791464601806145076
26,9,-5662145885522892706,884163498577501620
26,10,-6423943279813052161,2701126181649446327
26,11,-4757098864366726917,6300407783833247231
26,12,6479773879409230194,8245034472600002703
26,13,-7758273459165319051,7609171752079048169
26,14,4839944506166955470,-2392672806106865363
26,15,2600169785996433431,-4607074187863867917
26,16,-893700854793524892,5598428242807021286
26,17,1018383436588322818,5636036540408910456
26,18,-7583338699426265251,5355011997366402533
26,19,-4869324868647870137,6413086166959005726
26,20,7395011935961677388,5369469844368565861
26,21,4967215910999904684,8309103867138768614
26,22,6016972043930082239,6300289965469856787
26,23,7684385022306259026,-493435034251946566
26,24,-3292095138754352504,8783061892580378340
26,25,-5311577064367222273,-5915393136602971896
26,26,2361979743384709142,-2166745193264411695
26,27,5178722338053014642,-8442845941221578050
26,28,-9191679558155156171,-4372145351050572512
26,29,6151284039171678936,-1648816799097129608
26,30,7849251278246464799,-7322096240118054998
26,31,-1648739521550353825,-2500979091443431018
26,32,4158173226289169280,1041391248815777035
26,33,-7290467293995405250,7664629843135551249
26,34,-1718156943957651750,-7944918804920143362
26,35,-1152252717873162041,3699672897604866314
26,36,707084058440260900,-5588280773829644819
26,37,-1317457541069856703,-8770541625133215095
26,38,6214737798221970276,-5657713505457562494
26,39,1688003973379199918,5212035307160099041
26,40,7249567510623098868,-537013440809720843
26,41,-1162708140006972993,1478697574616860390
26,42,5996690972727593719,-6587722165614389553
26,43,-8293024161680373393,-2763334162300147003
26,44,6186798054387258424,3407073095908845673
26,45,-6431522749624395454,-7827330948274880669
26,46,-352767623281173440,-3238309194958726467
26,47,3027179977722768985,3431159322027891649
26,48,4367748055534236991,-5797605254225186656
26,49,-8322416683998350130,-7683529243175534000
26,50,-224717895341268840,6483949118496094209
26,51,3827522521683481340,1944590188015886009
26,52,-2577051491068094285,-4390959241469396989
26,53,1856872690974411080,-2244200272351146166
26,54,-3165643007856240483,-2518131880070143824
26,55,4393024338381417699,-775171595849711605
26,56,-5579655646317788902,-3247913987104136310
26,57,2979409247174617389,-484969738242304380
26,58,2440668965018073605,4476506228460209293
26,59,8363327064037406453,-5579205997918015426
26,60,8335338632481835657,8951466764130084662
26,61,6630662016312125190,-349721136702970961
27,0,8063717326473838047,-534493212347201515
27,1,-3787662412060909452,1926070651191536974
27,2,-1718922679558395739,-4070745221545988740
27,3,-9017387357523222615,7927650451872882240
27,4,3589455307039467321,-1135838354326975826
27,5,-4955595267735322687,-2077688431856501711
27,6,867835823865996222,-4406028497611728162
27,7,-4410363619164715844,6728425986706986212
27,8,9002826333351495712,-497907536086971542
27,9,925529058205072582,-7652564728321366386
27,10,6592783276151715180,-8510299927981978809
27,11,7702184763380720040,7130643161748420360
27,12,-1718673922089312675,-3829519961365473482
27,13,3505806886294544066,6476314867659379487
27,14,3001086345633922434,8611449914222459701
27,15,-6672578904201633646,1588533127842134139
27,16,8347454397988265560,-6802317959715272588
27,17,2050440364919569648,4064094849772173579
27,18,248075040972838706,2339810494084698075
27,19,-6785978047421035213,-5525636089140810037
27,20,7648721565560549007,-7560780063848938953
27,21,-3804480496666253166,2451235723707151320
27,22,6772896101818490034,6371462589698285074
27,23,8605043946057738506,5044887080949484544
27,24,8940373594180788985,-2883701369420485853
27,25,8048757774776051117,6853746170871396377
27,26,-2163536073082708605,-6628934976577000366
27,27,-1642819256612991172,5287921342768993829
27,28,-4706888334775482328,1440836266074426830
27,29,2039442428983064889,-4790570999873437936
27,30,7236937640955837819,-5290356506255727600
27,31,6235177122416827273,5108420650910143625
27,32,631931961229237268,4416391320269877119
27,33,-4620597312576284276,4565873571025647917
27,34,2257689333872727100,1928392395097107162
27,35,-3467384152750110414,-4541899511090379319
27,36,3023775857447052651,2189982523633326278
27,37,-7852469050452418728,-7908090824779102253
27,38,-6384311608900393311,-2609100100993468623
27,39,4604265153023465611,6833236586873181167
27,40,5237454327913246763,-2702406794564513908
27,41,-7189247037823002319,-8229898706788648581
27,42,6588017257579511284,9098518749187905022
27,43,-8255065410538042452,2477767515467924698
27,44,4532480958761267866,-6148297175265056225
27,45,7856909677237435908,-3949740477088420497
27,46,5652719857591748569,-7587469381452433110
27,47,4318522901184821625,-215855378732022200
27,48,-1260815061069946317,-8471939896136586553
27,49,3672734890409463880,410055704845431522
27,50,6192955209662494244,-8737680261060475701
27,51,6336309951094209156,7640759823471739966
27,52,-7259032889289555123,2380820506761715021
27,53,6139512886225194638,126339921945154125
27,54,-8488945247137566463,3785972108284217392
27,55,-1682309102428799112,1042416313689283535
27,56,5862393751208812548,1200083676648355805
27,57,3542294881053354784,3353993436627107230
27,58,8331874862289986511,8554062248201794904
27,59,8505011794288544319,-8718993509013786643
27,60,-3458264973512188168,-5298967897837707395
27,61,107263032772136722,-6717708725535825404
27,62,4642421950735330419,508538746866136055
27,63,-4829341765054332859,-2116148483658757592
27,64,-6506246918981026571,-6559704342194940983
27,65,1537633695847876720,8190520086200962502
27,66,-903325012279707381,244215408901120850
27,67,-5283896442815266945,-8568435894059621768
27,68,5921389799161153480,2064387558691614888
27,69,1176434957427603790,2754859600227008192
27,70,4590832622550384040,7134583994200371863
27,71,-3280500115591876783,799849687730183545
28,0,574779262275454598,-534493212347201515
28,1,-4220880880432761095,-6182686726601317437
28,2,7387595553270326806,-7860186122360218716
28,3,-5818052848738235070,-5706276362381467291
28,4,9177562887725238400,-4746241481470525593
28,5,-2114403762861805818,2156841133274640855
28,6,4374422938562380975,-3901008287497811091
28,7,5991718076850198015,-1716940023832009834
28,8,6160268374095386291,-3232120890867830425
28,9,5033050375451895986,-6472725527119228132
28,10,3379025323261537696,-7643604422284885377
28,11,7138276335492789491,-8814483317450542622
28,12,-6992695010968490460,8461381861093351749
28,13,258173755303647508,6680309810844430374
28,14,-937887636286527960,1232370052316937986
28,15,5016963378632719098,6032332610803169684
28,16,-294266563388860344,-1740464379729450563
28,17,-7006901457030657974,-8803841160772256188
28,18,3171013256544718556,-2701571731491059644
28,19,-1413188266343391623,-6073887576848673700
28,20,4689133624000277212,-6980183713564312442
28,21,-5311763094404035062,-3571555414294518994
28,22,1883439191285148658,9059366099540520757
28,23,5642261470670531563,3770316578726343061
28,24,4472488033046466794,-8205049850747812641
28,25,-6709369729239959180,6552383773299867092
28,26,-5206289527306567336,-2239264670105054640
28,27,1399162511258006782,877493457775763350
28,28,1103054650756305406,-3122146857171068011
28,29,-1009115690990819411,4094469393249037220
28,30,3339001321655232920,-634047274649229552
28,31,1047715794167314383,4915168928509041423
28,32,-2155507159475290601,-7683668377975398365
28,33,1950366531120724589,-7644195752726270786
28,34,-2717026376041997340,4901653717296444335
28,35,3302261312290702577,2969065291585330837
28,36,3970818752492400368,4517599329188896844
28,37,-6924439198204185602,-6533600861804824306
28,38,-7938652048925836834,-209130661277479217
28,39,9082738015795417495,-1293531832638538823
28,40,-2741440183284826020,3149745481891235813
28,41,7169655076037902966,-3611924204856180795
28,42,-8392559606240013266,-3049901790507456194
28,43,-2699533246514382782,-652450269387736524
28,44,6639153304993868977,432563290956775224
28,45,-255298384287522619,5544935770054675438
28,46,-2499187222875748031,7462851975037824850
28,47,-5123749307663278771,-316051558576692563
28,48,-6546960358460837370,4923426793354937534
28,49,-4027099602954154324,-8966788578021250187
28,50,-8254079994722198009,7199445402986275121
28,51,8852423486154285325,6829727945466894269
28,52,5753968627366069804,-5254218544468689561
28,53,2544770723420161985,3801720917939843841
28,54,8236743230688750836,-7387896066606098831
29,0,-4322630659191565379,-534493212347201515
29,1,5904444668689089332,354789650523852748
29,2,4121895594001503879,133961032545030135
29,3,9139190642634309683,-6214087345980144137
29,4,-4681805032060178649,3172390489888275123
29,5,5905174985677044877,-3380119197720248300
29,6,842731642749989074,964860480058449366
29,7,2008466356936325762,1397286409758654585
29,8,8776909405689629377,-2974562756192323190
29,9,2716998584764740082,-1775132811795807054
29,10,6329608559069911587,-8338400574853331794
29,11,-2019982200521329435,-8138183904604047706
29,12,7010585274346753253,-8975039636027337958
29,13,5014716171256713865,-4343968829225135680
29,14,-2630429041193299971,-4414763010035787756
29,15,-2510198936942503318,7927336770403198675
29,16,4557633978495970672,-1785531570859906058
29,17,1359231263385993491,-5082511459636155601
29,18,7802523651519036205,-2971200959923115057
29,19,5107037605308401221,-6589262987184103609
29,20,-2118086328039843912,-6013445086969901036
29,21,2318805535438190058,718436947753804561
29,22,-9061390838661364997,1563439637795061074
29,23,-1859276453792399824,-8001308834932472467
29,24,6741953048745819498,880686766049545608
29,25,6701826568076766080,880170863881144318
29,26,8977460190536890873,4885557429992682144
29,27,458424759150283861,4309465390343850077
29,28,1958875796340780087,6367306989608043644
30,0,-4830901377488632714,-534493212347201515
30,1,1839590776633503113,-1377715443623194463
30,2,2165110506901746373,7178002445775581939
30,3,-5336025523993695086,-6935884237287795998
30,4,6698761654586676140,-2745193928838286368
30,5,-2172755771317253258,2191309064471116717
30,6,4260447724510531487,-8801635278937620539
30,7,3976561219998288498,-5709820413871646
30,8,6699189501719496491,3531153009511871949
30,9,-6261916798620084359,-7677852984856927974
30,10,3064694514219931877,-8313715705377882508
30,11,2563271098618445581,-8949578425898837042
30,12,-3394987733346725140,8861302927289760040
30,13,-5521075751085312626,3072858624633844831
30,14,-466266273513195922,-2783649524619441487
30,15,-8923787045590082174,-6909091990344677779
30,16,-8006289770787158025,-1149645054110325716
30,17,-1088349813036661885,-3750445496570041287
30,18,8072312301160134153,5675040933969939872
30,19,3105536781658852223,2401055559357715585
30,20,-1147389135563281699,-173336709502587114
30,21,-4043455620624843904,3443677413364430393
30,22,4348175511390514622,6971477331602017228
30,23,-3483260922845172590,-7253648420339506317
30,24,8270629485468127792,-3032030098571478246
30,25,-5100574627846787263,-1359052773387817230
30,26,-4082925128572235497,1579503455814398391
30,27,-1337831522224683567,-3427605719012783348
30,28,-2899431908034188318,-1177342329165246298
30,29,7004694786048951230,-9072427184716115483
30,30,7496327972162356222,-8034419994777926418
30,31,-78440803493945997,6977054755904461253
30,32,1565534909282868324,-5375002507665492572
30,33,-994588694475461640,-3794496946451551122
30,34,3953494354758125543,5674191798623915774
30,35,-3023289050281489739,4691789399519592323
30,36,5228052118368482534,-1692969075943923197
30,37,-4461858246165382568,6226394412036482968
30,38,-3644516658499496985,3227022809692492746
31,0,-8802139637187027802,-534493212347201515
31,1,3327747160098250813,1477513522353564766
31,2,3205355164727607631,-7703729756106330205
31,3,7422605938625075627,2314775373167427256
31,4,-4463726063999690783,-6524726603761075199
31,5,4903698418978006268,2146063479104859737
31,6,864250674209528079,-5283522820195755320
31,7,-507168298684295148,7303180603282313081
31,8,2447900085757541536,-2683434357530694922
31,9,-4146415249138816586,-624022824635291689
31,10,-465189683958395981,-5567404049862047814
31,11,-7794273200166956523,-6230813386052152572
31,12,-402746033556611862,3360991117555819334
31,13,-1804152553577623592,7013581784673957210
31,14,1666500159234868707,6716201861387154704
31,15,-1499945848141692628,4471963505086485544
31,16,-6779722328325446165,6521825803274698382
31,17,-170453809507145942,-7920895016530073492
31,18,-274907414753544641,4967398285263347361
31,19,7656648211778129279,-1138300769274696366
31,20,6783250419087570613,-1745032952487909710
31,21,5615117092991353462,172883252495239702
31,22,-2059227252744019654,3696420541439524467
31,23,5128932696118458791,816389457016072243
31,24,-698786805668143983,-8719253924421622832
31,25,-8315038078979313029,3542428667873333044
31,26,4373058219832502399,-2719677328741509213
31,27,7095847998461456327,870644159739002936
31,28,-1034332115475639953,-5200235347930928407
31,29,-8576181995386269806,8797511343934487567
31,30,-7018891943077076621,528946527189078099
31,31,299291873997898803,8568447763770863748
31,32,-5106216492503045079,3845180095895592766
31,33,-3788208939965211631,3398191768360610591
31,34,-6509269348793074865,-6777987879163689922
31,35,-5661496254939157681,3963941846375939442
31,36,-6902228404956158710,-8156106285568625772
31,37,6359298439494019073,3963941846375939442
31,38,988815966304270321,9196015975815363410
31,39,979902621317932823,334962352499067372
31,40,-5626847637515542569,-5759321934787157241
31,41,200210319132826105,-5193079404816349628
31,42,7273546093259831943,3047106271398862555
31,43,-7852498927207766373,4544905664191604997
31,44,-202884541365932911,-8827549967165430406
31,45,6256232276528558375,8961256161109907525
31,46,7272580412438450859,-7824623570303274044
31,47,6388554213523919079,-6163759228006903997
31,48,-8805118602078860489,-5597516698036096384
31,49,-7891115947093550767,-8827550104728500961
31,50,5214911913571325155,2312316505457541060
31,51,5320837638587086330,-8588206799811759382
31,52,7150445672465901459,-2544784753000447418
31,53,4848925897409102812,4263173015938560420
31,54,7150445672465914107,3636401298832574119
31,55,4848925897409117258,-6638115739972682584
31,56,7150445672465928553,1073457637977924586
31,57,4848925897409131704,1588284921228505961
31,58,7150445672465942999,-6367092551069128152
31,59,4848925897409146150,-5411120374399707355
31,60,7150445672465957445,4283289878266885285
31,61,4848925897409160596,2914797070233193257
31,62,7150445672465971891,-1323838781611623150
32,0,-9158835727493877024,-534493212347201515
32,1,-7601021880728585302,2632989305515873504
32,2,3037370223639909714,-2039754909699163837
32,3,2122966264520886231,3957221623235212639
32,4,8482866884472618589,-7767108351720600062
32,5,5912280147562431377,-2035676379455883590
32,6,752074776319153551,8441182791485933392
32,7,8510467060605716982,3719343241104556409
32,8,1029257097222481634,7639641118928055820
32,9,-2626032993565286333,-2956114202649083158
32,10,-5614619684465785364,-6832058118028577787
32,11,-5681924583863296605,8375810546722340100
32,12,-8247023741430047644,776243282242881792
32,13,-8614992294635126427,8642957001160975942
32,14,-702625134353415688,4610479893514348052
32,15,-5301963850393043132,-7627357314602503597
32,16,1326714543530227905,-7707784879859220827
32,17,4257811915128145523,8720951248841692010
32,18,6672331283926262060,-918225583024944689
32,19,4060477104685158568,3894172308569413589
32,20,-2075485618198964565,1144728826677848241
32,21,-7878621642428468239,7876610861401553838
32,22,2238629074544864893,1791528067418399900
32,23,-5033310578042699055,8924512434805545478
32,24,6689090169403936662,-640236037921988063
32,25,4581475180813818835,-7214565293068812924
32,26,-4723868125466794874,-9213306721463234166
32,27,-6409733861191928155,79107149214817224
32,28,437406437958747003,5306142827461536849
32,29,3901034128531757964,-742773765223344894
32,30,6979826784065091392,-2028940725042631346
32,31,2475913861566432122,2103621185898625450
32,32,1384790996632716743,-8627381975159329799
32,33,5736564119853127611,333081914179144928
32,34,-3413815006616183288,6262665669604707070
32,35,7128547751730352825,8810745281119638573
32,36,5311082236394791880,-864113648885474234
33,0,-738186741286211945,7105009313054446500
33,1,2014204660207613508,-5092748032351779623
33,2,8981461400524506287,1517881889961510170
33,3,-2038675807198834951,-5911283421901093597
33,4,-2502127558647448695,2939435044209453149
33,5,5874595756596185753,-2609031761310039100
33,6,1856938272505273555,576475150807960544
33,7,7200563944291073438,-3071363266131192706
33,8,-4982462686159685652,-689744995090778119
33,9,-7397520746140947305,7747415969703688899
33,10,907055690862617378,2103150285192817767
33,11,-8819332564993085457,495533970540922480
33,12,-7017063892993345602,6518054964201745582
33,13,1079500529641707908,80273770568846957
33,14,5332442499271828887,986723910679089060
33,15,-9127581041714218130,8836969422521103818
33,16,-160756670279487370,4106411058927474361
33,17,-4598914687035671667,-3243545422252415227
33,18,2485271733237345211,9087780600643230339
33,19,-3135465525862862059,8513879589399985173
33,20,-2510959233286995199,3280727499471033888
33,21,8367764650522900268,1169077678673440569
33,22,210602046876885161,3598539005963028915
33,23,-937676060462340775,-4180695761140274269
33,24,5093545285941553500,-6281662944406075201
33,25,982769459502362448,-3450478715648488496
33,26,-5495677333816444566,2628193725247283019
33,27,-7679859210362649455,2858936633921442270
33,28,-5117703593129837899,1313349859915631357
33,29,3028302074612427375,5032128409153564860
33,30,2469393666469902184,2987114725586656786
33,31,9030332339951133793,210254654797540373
33,32,7748223121307922598,5953538501922249189
33,33,7857301191593540497,-3624605279086048829
34,0,-1583923637025859087,-534493212347201515
34,1,-4974986816012851518,5384347840090534113
34,2,8411301697749881223,-1418286430799979116
34,3,-6480831129720515274,-2691784556699582183
34,4,2374701002184535680,1619173877687954569
34,5,6609146315738084963,-4246258131817346565
34,6,3755144980891628198,6609573513836583312
34,7,1387154191309142661,-11177719883397012
34,8,8164250307278856886,6778983890739525401
34,9,3918390706928093041,-8961041782861422613
34,10,-4579067294839641257,-5492983285689641233
34,11,-7997584357145019089,1940565043639611026
34,12,-3646364679147596642,-9178201183010461071
34,13,7446267551082414706,-8460325476339108018
34,14,-6498519314759781938,868516627665896977
34,15,-5274228462048351758,-2467320937939276831
34,16,-8476159796912677617,-1864030485749911563
34,17,-3152971867477711197,4122759173300378620
34,18,-8344780096273034461,4319887519052424244
34,19,-1210004657734273041,-312101403197331673
34,20,327097053357828335,-9191659393079757483
34,21,-162926021182242255,-5377320419712504769
34,22,-6644599439180103186,3188519773097186803
34,23,6569118408016744520,-6711298632709439613
34,24,4556219113347259707,-9105949148784864533
34,25,1098864517876288697,3215721585084028221
34,26,-5268562753858794319,-1751987427675778322
34,27,-2434080741859081661,3442461344693945835
34,28,-2135640849263631742,-8336175189326488126
34,29,-7842664044014285240,3003285753685103872
34,30,-4055980751335445442,9181066737230499343
34,31,-8984071222515337903,-7877744550269214928
34,32,-4495927502237715322,-4842343256440772500
34,33,-1402628507777576273,4471646143154180828
34,34,-2095027782528354131,-5596343260996615939
34,35,-2450519811975370455,1792155295191053910
34,36,-7742175297458065654,5275304310936383338
34,37,-1410231344960260961,-5548322436717838443
34,38,-5147886018566562299,4231153108543820118
34,39,-6042716984933851582,730296479264562647
34,40,4649543319970408682,-130300240873181795
34,41,3948267236203686707,7852792786386884416
34,42,7938393482430753249,-1586445387475953102
34,43,629106346771793863,3050378056689906436
34,44,5804103251917133048,-5405710237644377269
34,45,-4478309169165236986,141050642185727634
34,46,-1880832128796929691,-8690010841933972586
34,47,3481850021538259148,-4564585719465596429
34,48,-1117327991430843230,6454176208299555055
34,49,2673892731055180814,-3334807695944637820
34,50,-7553408661078157002,-4862002559742319976
34,51,936219948478732168,-3390700586338412741
34,52,-135288264700774980,-6763440286463216456
35,0,7469117192357888227,-534493212347201515
35,1,-2096068327162413073,5650898291605989502
35,2,-8069633802594734425,8259641821468806756
35,3,3588096439005275061,870188775306610678
35,4,4510420952301661937,-2818806867298643552
35,5,-5293747313981792192,-2627775447957154979
35,6,5651260107714072500,3861863564022367209
35,7,4173828847971859210,-2654793411095100034
35,8,-1161189622267837141,-9003330654262362175
35,9,-1621978824247952086,-351841011226683246
35,10,3972362361306559177,-7803968218567934250
35,11,-4471792305390655868,4898846622425631261
35,12,529968466714509099,-4924940662381809057
35,13,-6813287383160249332,2936786331681060889
35,14,-4655703506441087795,4409667957452049880
35,15,-5652535520590626955,7014976661331626393
35,16,-6398305305072349519,8413736211025733096
35,17,4864348487850616759,-5075768514127200548
35,18,-1350529561187224718,-2753970991336961780
35,19,-7012671763289441525,455086677791933980
35,20,4835061319604032090,8606394247175089875
35,21,-2230653330676675294,2687481080286743228
35,22,8602960951287272136,-9204092531747708955
35,23,5090152537939705495,7401820230345967354
35,24,5999616824059557007,8750869784591994010
35,25,7932959484457511392,1717015414836191409
35,26,-8100283678575231031,-4664330691125175345
35,27,-1792518100900312134,5943749926045906638
35,28,-8070219074620492765,7993612224234119476
35,29,352424733814097322,2612185624588378253
35,30,3376027990680048094,-1364778668567096333
35,31,6773875661842466155,7746816054072849501
35,32,-402107121132034554,6677287453446052456
35,33,7337985759241473092,-3316598438823730101
36,0,-6271473826953250552,1791862444646962562
36,1,8129984058702531469,1791862444646962562
36,2,1243162523959026744,-8436805898043734105
36,3,5382437954259899239,-1375514544929847490
36,4,-6062161254102457501,-5610480593559515917
36,5,5871212278728763875,4031051282001195395
36,6,-7585996826581520573,5718951300479918950
36,7,5899686365845354944,-2042454965127376706
36,8,7626219064095045989,8501537838886551627
36,9,9083768653630697321,-5116333806570844795
36,10,-6809538849977675409,6722705759997709839
36,11,-3287242666393556810,-5790178142176746144
36,12,78855979689079056,2237537461103243139
36,13,-3831604114085800442,-8130843017554753661
36,14,-4708041900914481657,5989261686985284998
36,15,-86548469692335933,-6808740429409804528
36,16,-7174330766233751201,-5609310485013288392
36,17,-3104527877042319980,5063979632336880063
36,18,8756113508113971125,1769734206505034300
36,19,8479923758015629367,-8096980013469427806
36,20,-8055199413945965160,1118869850493265180
36,21,6075009917247837203,-6202611172258951683
36,22,-4396888357594741626,9071804974438586001
36,23,-8661834992538239169,4566785474368307045
37,0,5246671666634424263,-534493212347201515
37,1,8062879236978675322,-4068303502173325439
37,2,6843612745694792315,-6958971638254720559
37,3,-3917208921994552365,4961503013584622399
37,4,2505924403108369179,5303739492271652066
37,5,8784335679689149980,3354540194898108310
37,6,6550901596246403616,-8733034788984069600
37,7,-5917838685955698663,2860024599753552858
37,8,8602364440383000977,-2456779338378428785
37,9,-6468784191426532135,9021287433162007487
37,10,-8780720807663652158,2005637248162538607
37,11,6505553216475438100,-4788245385532209319
37,12,-573039337039611785,5971519115845204730
37,13,375743085096381070,9191066917023109623
37,14,3680014714201217615,3260542236406209386
37,15,-4667167723832346994,1540426328604125568
37,16,8614489599294878510,-3777800639431628939
37,17,-2052676920336822693,-3078278531438770224
37,18,-1854433179206057574,-3088641966102118152
37,19,-6678220959136789897,-5119802917153128196
37,20,8987467147787017477,-7180559884118894918
37,21,2307476210213335876,7700081109320236147
37,22,7256522598936149828,2747365225493065587
37,23,5246180810092419419,-8573736519064805515
37,24,6924424446226005217,-9216971093623773078
37,25,5678407672600435728,261565097073090262
37,26,-7045126913293308717,5666935396503893208
37,27,-6776721086544318669,5548943144348406930
37,28,1342534137724914197,6404878662553207850
37,29,4654132850442931159,5748674226775635331
37,30,-5536981019257914040,8161365504336214512
37,31,-7000247140413877404,-5581515958318557242
37,32,6132338946109794293,4125186419964680634
37,33,-410451854527891534,358428983790175945
37,34,-8166745893439670389,-6507448636054334480
37,35,-4413274256343062487,5587020333164242965
37,36,4210473442435949271,614309984788918820
37,37,163641211510434621,8117852272201614815
37,38,2084121939832553578,667312795949170712
37,39,8277333057195721825,7683008067446503820
37,40,5375515467360317505,-2806299165445348023
37,41,-8967618205814620726,2713439008589425694
37,42,-5510786258945601084,-2564101759629863929
37,43,5832818619751172320,8527599294401752322
37,44,-1382890372943618413,6032013465123858891
37,45,-1146657618083251830,-8605550374370078144
37,46,7541261983935479153,1955818781411967627
37,47,6206603924187955402,1542804480602258223
37,48,-6100502441447308216,60820630828961735
37,49,-109586418076978465,-3116920874225397190
37,50,-226182793975731496,-4803362119534575352
37,51,6669231701578138880,1349287592267239382
37,52,3109055029313420470,-259310844671331336
37,53,-4612178390085495708,-7444279362930786546
37,54,-5921488182941103646,7452646271639585936
37,55,-2731587997035769260,8789241119933117744
37,56,6904007439854663852,2436966015442143573
37,57,-8874796789915632461,-3855443125414446913
37,58,-3985606817886369441,8029100119134189751
37,59,5669928525192535736,8695820907671949456
37,60,4572824213616093719,5084313394967345638
37,61,-4630310268659548080,-2433711379492238504
37,62,600240581190910429,-3546432453777461533
37,63,8462558800555990383,-5194968798387580939
37,64,-7851014018194841559,-8979888216374699870
37,65,5466337136267774425,-643042498289359665
37,66,1093942515516901211,-3189677500645023315
37,67,4689519719996884713,-5025541765507936019
37,68,-8272804193309552561,-3282581481287503800
37,69,-2808381412262846994,4273043510168347688
37,70,3366411020606018878,-5599014570321253762
37,71,3316051032614034881,6226978269668317530
37,72,7770409388459513799,-2941904597679567155
37,73,671629289690648280,6347053710413192120
37,74,-7781536005178002796,4823730650264749943
37,75,5942264584637577845,966853117920463669
37,76,-1402250719824062253,8977290481217560401
37,77,-7441916230547149875,-7704388178932077964
37,78,-9159153587990364279,2674000943311666274
37,79,786771504413766985,-5359058195180577243
37,80,1352944438988393441,-2766670290039323980
37,81,9213735710121618879,-4503446604491719980
37,82,2043060050836187738,7012110821179545021
37,83,3084259009126932305,391359587459564697
37,84,4992701197406154452,-1847727121740363984
37,85,-6042933942594487280,-2337724883747638259
37,86,-7061877043499049985,1313213679477473801
37,87,2103515760416449225,7994960565902785994
37,88,8496683485141167909,-8944720577868544170
37,89,3209531634934927493,-4512637682900451366
37,90,8444689255119899677,-4899570480265761346
37,91,-3274713359738129984,-5245888650835240639
37,92,1678587458417421028,-358345491389472480
37,93,1718099558541023821,206424409840944186
37,94,1782254185426764731,6374942625462947805
37,95,9178318283621325131,-7226868442468861061
37,96,-2813886858483208557,-7944345612896121879
37,97,95927957643946768,-3827416273420094739
37,98,247469255375350572,-6315663379186466738
37,99,-7119323916842089792,6981010911090318054
37,100,-7980809084635231838,-3174198986432219489
37,101,6026326214372283327,726255124184176373
37,102,-8540233147573433124,124935852122946467
37,103,2002030129147585733,-8702771973114760472
38,0,-7942135560526420683,2104876380417908868
38,1,7653377410843508297,7555708214688398495
38,2,-2549614878134149365,6577578894766018818
38,3,3794009713836483919,1143017649287605186
38,4,-4722678012769568062,-3809471697418513984
38,5,7169247077837373591,-2101084911488109367
38,6,-8584366631151036794,8886877129180259645
38,7,-1599523626089190058,8670097333247668547
38,8,4116911106228662124,-8883873251392455654
38,9,-3481306260816122462,-6834010953204242816
38,10,3731012415521677191,-4784148655016029978
38,11,-2710213219005833038,6703630132878249399
38,12,-29888631006138944,-895937131601208909
38,13,-7707355920864694340,8218537359554329822
38,14,-2806623523043012682,4877836122995986956
38,15,-7139800393504168829,4166628528435060843
38,16,-1577699453925539485,-6969331913174593028
38,17,5552637290990790632,1247845047137107017
38,18,-8703914037026582276,-6403362360042873398
38,19,-3296908983132731298,328519674680832199
38,20,-8404641886934427887,8728818699737810876
38,21,2181524109027292167,-4577336313394170881
38,22,-6850394062413683486,-5559738712498494332
38,23,4474693804088007701,-6542141111602817783
38,24,-7991554739564505072,2414416357357675351
38,25,150821269447147869,-3804133332447104053
38,26,8238755076215291883,2340179902070436101
38,27,-5003811344478402767,6286863581631858852
38,28,-2476499153475710867,-4154474384451102714
38,29,-5512255725739194407,3676205150882467526
38,30,6555501531948516187,-1991401771837537919
38,31,7617115290692399651,9010031617805282404
38,32,-6318119777635878513,-5770243707602444027
38,33,2584648634462514394,6627470031415543058
38,34,4906312693928416209,-1386672202298551853
38,35,8811527487595877415,-6548393173874179371
38,36,-590632802586445449,6736629928259744727
38,37,8635503996277384274,-337124464210003450
38,38,9190072997863705742,-3586812014891510309
38,39,-1437207875045472913,-3067147867829509578
38,40,7869764476636829959,7082850352922624298
38,41,978061324813866552,6762010906702069731
38,42,-6817968432313392011,-7096261561681084957
38,43,-6692651807911147088,-1158073701581228902
38,44,2627947782118271346,8299729269606487118
38,45,-8371670230619748071,7220098123364306255
38,46,9028289964839838175,4302246412817644634
38,47,1322921097672901104,-3290360378979093277
38,48,1241755513761923879,304763556028802150
38,49,-2407587245562894255,-7367806724976498787
38,50,5389693523900361981,-5286860745962364053
38,51,-8085523599736549126,5597658380813685231
38,52,-4354045066523335306,319490318106558858
38,53,-2765026938989120349,7536780465272488708
38,54,3253208541500136057,6404298004054603442
38,55,3570155581942478587,-9024680422578532399
38,56,569115017637550293,-5053709175606712176
38,57,-6699324317795987445,2805736647969381004
38,58,2675077622853372594,3010506910322410456
38,59,-6052753960307903927,-8379826149807815184
38,60,-2328612474382869943,-204915251901211827
39,0,-545093418316333453,-534493212347201515
39,1,5517115384241466410,-5924538992074713214
39,2,8487107653690314217,-6973730672552526625
39,3,-5356783524392058140,-1390780910570072446
39,4,8260856473112046296,-7849816606771356554
39,5,4965847024567083740,8612735953778112682
39,6,5228497641578617758,737732584308603547
39,7,8788050728516249289,-2104293838549843144
39,8,1355171726794814549,1698392872221415185
39,9,-5069131699568197816,3411720776633837569
39,10,8421487791050222622,-6153027696093695972
39,11,988595082545246849,2728967904888322103
39,12,-2187019099537516084,8979459500668575270
39,13,3124554402724377923,-4158798923128819302
39,14,-4296629499271996197,-2464388765134427214
39,15,-1404977532739168460,-4129099866753818913
39,16,9188163971260055053,-3696795082375765896
39,17,-7427176144998904749,-6330611706217329546
39,18,-6202805300398692754,1046597707433978148
39,19,5214071737510569091,-8303319624105550005
39,20,-3350528078155672272,7469098136042719668
39,21,3151985650419887747,-1352859209963233391
39,22,3666081865947713702,-6017279572204482710
39,23,-257650725421630347,-8539079164979396745
39,24,1195860021761005170,-4433510609708103672
39,25,4103477221021969640,-1209213047495448531
39,26,-3733151860725551327,3162803414181764210
39,27,7382721094000208244,-3372947788238539868
39,28,8594660911328884331,-6951972663811969661
39,29,8616582858069834819,5513919508381602671
39,30,-3936217079873704152,-7707051365709918467
39,31,-767823697977712968,1961406576705200168
39,32,-4006960177233259081,5111663920177979110
39,33,5077608304552233630,-8887803532306476938
39,34,-6494192499801856015,7960101074703520253
39,35,-4224307533602156200,6795112693142103683
39,36,-3710649837093510607,942926341431149561
39,37,-1510219287409586722,-1146683694022736678
39,38,-6633285093363174741,-1094013238537010808
39,39,-8223317809963912427,7767653115710297612
39,40,-7588228035115321506,4214351204680309901
39,41,-7313803086902560474,4578829945213118005
39,42,7590529820829600597,-7136032093772728014
39,43,-12807530545067058,-2977472403353044975
39,44,-6390179058918743934,5904523197628973100
39,45,8632997694098185861,-3660225275098560441
39,46,-2673496471527164789,358468084427065823
39,47,-5507436192217652490,-4174274384077024435
39,48,1126103549369478425,4564741962845025350
39,49,3360763691156604610,546707827988609576
39,50,-544754891096961004,-2277390929268129234
39,51,6554641859017300334,-1657276014369294725
39,52,-5964912517820069113,-1848244518481558384
39,53,6090351645253779601,8807059240442495040
39,54,8630743536095599799,-8210216128474659042
39,55,-8144846851847262804,5409902542021672083
39,56,-4783948454914086886,-8306632003987734844
39,57,2059745574227692688,4403856724388340002
40,0,6501850648033799931,-534493212347201515
40,1,-1817685483690418066,2585580135669445956
40,2,-5760648833959748975,5567534413962291235
40,3,-3277617877775504423,5202392134834987779
40,4,-1859195524620909942,7048980127650584779
40,5,8269205992854534340,8482809013282110599
40,6,-3879803082500198715,-2022464288936065809
40,7,1423676909196251510,1747884518778800478
40,8,-6231923509620471313,1615141159463681434
40,9,5663639968583792597,-8021140114679449938
40,10,-9114090492867741730,1520368467066227242
40,11,-6099813061520959126,-7583588615785156282
40,12,-621794939235237432,1759198375073011810
40,13,8061800700755560715,828383315877666038
40,14,5243945781180792278,2454327234450337706
40,15,-7778907649512733586,-1170963469252556106
40,16,-8449347435628840396,49364353773872398
40,17,8486722178340538647,-5384074276107956403
40,18,3176588869137789805,-889126672353948607
40,19,2092140161590634480,2335170889858706534
40,20,1325467792266220144,7336867637232992616
40,21,-7576941130708606200,-8892172315932958761
40,22,-4317279362687109155,-6740852379982361583
40,23,-133428034315895770,-6012970664608452418
40,24,6638509258172663935,-5428640319378672216
40,25,3756879052511800253,-6770386927359752273
40,26,-8323515864704736308,2994388063224309808
40,27,4035077092793439853,2764228686636714995
40,28,4734635429517241283,895858222973414781
40,29,-2302253202521161630,-6618067553980334871
40,30,6840279639985190998,-1235449269300938797
40,31,8431094810848112737,-6760900180212596118
40,32,3089782924049375106,7076480664126030126
40,33,-137936172520558068,4878935314726200533
40,34,-7116120631518277697,563164939301278721
40,35,4730012249762414695,-5759892334314184376
40,36,8765190046529178415,8378909416480798019
40,37,5568739559277172373,7800969471907804148
40,38,2372343473744730487,-6184239073088555071
40,39,2653904894754045853,8570457526298964065
40,40,2945376875995984009,931945613935061288
40,41,-3225117854148574512,-6270841175719733410
40,42,-934010974027859274,-3332585252408742660
40,43,9148692569639520382,-5300610427375792121
40,44,486210476998289440,-5642521967671665646
40,45,3623086175103126941,-3253182475842990748
40,46,-8167710012978336361,-2994067003867170267
40,47,815380847630973336,606752327937632477
40,48,-5574339099064662084,-2254983500959228285
40,49,-2994514731788508499,-4088359957705814740
40,50,-589784675750377003,-8608243957696034960
40,51,-2472835184334299972,7394598154769313776
40,52,5811032071438263061,3912705174152102226
40,53,-5231881322207974627,1848950755023232596
40,54,-1771049739054476799,-4682279651978980292
40,55,6408179790935339594,5246866213584458749
40,56,-9023701740828653189,4330173880788220362
40,57,-7296449629572379684,6402059742061732048
40,58,-1036975801711082137,5479049195378990982
40,59,-2137207787029282434,-862130416414203410
40,60,-1591312086259840162,8966370814246269807
40,61,-6312239913889531005,348127971197191408
40,62,-11118673017107517,9000107802957252239
40,63,5188491750387609346,-6670044840646521173
40,64,2045569768791628957,-4444828119998513134
40,65,6852164407905603138,25456224212162481
41,0,-7366622597843528417,-534493212347201515
41,1,4379730695683599714,3840601432807536162
41,2,-4601414322705787237,-3343803294954978477
41,3,-3441554759175363559,-6769953982526765364
41,4,-5247175635232887468,-1494529519532317163
41,5,-7012730482643523044,-8631540484620155842
41,6,6922609612884013892,-6933381656861575783
41,7,7653996667383654939,-641723217118859051
41,8,-5142494609357161252,5046434146795062012
41,9,-8368352176942930101,-7115896155028582421
41,10,-8640508936959845430,3964238215284796228
41,11,-577465810692656089,7777771658289662498
41,12,-6118816226674486032,-8631150446374019465
41,13,-8510261930888044936,-3557562447263436562
41,14,-2110566775149410168,719839949655131344
41,15,6092174294693747959,-5288798769350801710
41,16,-5505704090781111536,3987776194140083347
41,17,-5999026201325987100,2295290580250904198
41,18,5248932595309351690,1570693966865498776
41,19,4529602514874305595,-5555770628207860699
41,20,-5620092510488703797,7281745972269819735
41,21,4399349256691472639,6901329030495514672
41,22,100486571670606351,1235436843065927808
41,23,5693715623563600982,6340596461707487403
41,24,-7686829516375602630,-3224152011020046138
41,25,1117420140605774834,1181298865707032698
41,26,-1287459747806657682,7396549146154435469
41,27,-5528986667234834643,-910151214762119298
41,28,-8705517748052140327,184728313930398645
41,29,-92840549730899680,-4505020135782146908
41,30,-1713979386327246174,7350829011815579485
41,31,9210360497364692888,2272946872431175023
41,32,1884835962449193406,8047977363400296698
41,33,2595333927305145186,-5731481927894326246
41,34,-650593093865874509,-2377665491600251743
41,35,-8987433792819882478,6549700812033645155
41,36,7572351427388398173,1885280449792395836
41,37,2396460250605903067,304997467615762142
41,38,-2821168008096030289,5855873823130700880
41,39,-801851359455090833,-4292574284449234206
41,40,-8504489875615711586,3497745018448916826
41,41,8737376775059478531,1618610852596895063
41,42,-7955377137377762283,7418819285049185614
41,43,4041445997836164701,-366959931969095013
41,44,-8656729081903255168,7808005192644079685
41,45,-5004648511855000163,-7170680383893690551
41,46,-8674335858791757125,7771180767565301151
42,0,2773461003766581593,-534493212347201515
42,1,6736777577108184186,-709102110872109405
42,2,-2753401021049309735,5836086371540950055
42,3,-8639595141514151719,-8765451719301276206
42,4,1915209950135441871,8763658441237753505
42,5,-1491861881012984817,5410000303182463666
42,6,-1779604581512309914,2364507369277877776
42,7,2283119133969640155,6972269841711161564
42,8,-3522109186420299108,-8893125260130458435
42,9,-8693160237945429225,-6843262961942245597
42,10,-1830684465370077251,-4793400663754032759
42,11,8483403786790931552,-5630169998906539517
42,12,-5456247708446774445,-4233660297081768196
42,13,-1278053385867687599,-6929503991973059738
42,14,-8334189390699898652,478914983821861759
42,15,-5959178702907265876,637050432107374623
42,16,732374652913733740,-8344766801116741821
42,17,-3572374697701630214,4659969578570850509
42,18,-1311160840028122821,-2348671382850032824
42,19,4003220420206948635,8636507910373967153
42,20,-3606033102444936037,8346076361917412915
42,21,6838320556297276911,6930311729181608317
42,22,-651877305696426287,3958902283349960396
42,23,-9018499989051691438,-7009537813160193138
42,24,2110537517126880265,-9023681151714370183
42,25,1093503883843802444,4686274093885092154
42,26,-2710778464443910242,2008182538117093187
42,27,-591909603075961444,-6545665338121451958
42,28,-6086531305664486647,-1406798547544339254
42,29,-5042285442054318286,-6618731730050749954
42,30,-3150482049970884967,-402512086682575546
42,31,7670241985649034623,-4170910585118784261
42,32,5808550267331664072,-6495953208804830544
42,33,-3380013368314510297,3442391442206079874
42,34,-6434180369116515431,-6909194101004679968
42,35,3201080172023553961,1073898926255386243
42,36,7881891912472905571,9056991953515452454
42,37,-7981920855379969959,-7054483839542499787
42,38,6766323722991554002,-583813854115588943
42,39,1214813410526850239,7467283871490892579
42,40,-8937398568741054525,-8439242153547012838
42,41,8259809693125903779,-7572435466195003204
42,42,-7720502051892711562,3212200585645282463
42,43,-7496274864862688706,163624455351484514
42,44,-4561351906759828373,-4087408368475090750
42,45,1955206785212703071,-3566385153992537181
42,46,-1247031610546707943,4325415674979344960
42,47,-1728086709233762051,1480645692158832973
42,48,-8342837759158305523,4419209588170748015
42,49,3917168169859086892,-3362329169912057909
42,50,2445241787167241575,-5867472622167659064
43,0,980350322190132748,-534493212347201515
43,1,-6078179745722527550,-4732883424524555840
43,2,-238826481621227823,2639746972824747424
43,3,-6255530738600167844,-5939769182188660703
43,4,-8055142113312541425,8453940805506438095
43,5,-8549391910599563754,-2268759420988810134
43,6,8661903759464733551,3993992827642419201
43,7,699767038090396777,-3140007395948610731
43,8,4228627409017408400,-902048119652647200
43,9,7262207748536077105,-3182558212354673508
43,10,-1944324215622765716,273723123267881146
43,11,5846486847811478805,6771703724295941367
43,12,707706308610180898,8915727314370706604
43,13,6990160414577529946,-5734297089229915950
43,14,-3810826777118930816,496648002465328353
43,15,-6887299082332543012,7771112770797890253
43,16,4390561719012824784,777489978394619474
43,17,3212611161507985906,7631286452233482279
43,18,1218478193487676386,-6425174892947777888
43,19,-313126548296497054,-7132434881183889509
43,20,-4170764255931355730,1546674668136756956
43,21,-2806571486176206817,-327848350498336549
43,22,-5445609913657671078,-766520933294974899
43,23,-4972679970326414689,5717361458686995737
43,24,5198936064408591980,-8459238684480295784
43,25,2025957585412423746,2775608923944321163
43,26,8842209405442728513,6598040034356439016
43,27,-3828078834983172949,7516162289877939568
43,28,1574248493483942272,4346478807419525884
43,29,4484239010545943146,3710616086898571350
43,30,-600468648678953138,3074753366377616816
43,31,-3727286482038967445,-64725975497593671
43,32,3305667569458499351,3708960709306622920
44,0,-5384814135439918054,-534493212347201515
44,1,-2881931976208824576,-5610357972283402747
44,2,-4175887879387799690,-655457587115137339
44,3,8872630497891329168,-286317943597471165
44,4,-4161087694662306837,-5221990800529395632
44,5,-6086994221727117519,-2283619345082497832
44,6,2692589176445526445,3601446982483063075
44,7,-2583955972896266464,-9090428174824188489
44,8,6926310594433238564,6549836286228458873
44,9,-6805671029197583216,-749744653866730359
44,10,-2865834728492207467,-2489939303078613415
44,11,-2509665135277852531,5318084095816151607
44,12,-2677665547473690446,2002910620461854292
44,13,-4435987568627356029,819993597558157331
44,14,8385444742964953355,5445285433354900034
44,15,-8413659125379413543,-4052549827696440655
44,16,523399837766103389,337385576834297376
44,17,-6567459748034999058,6041302432778878164
44,18,5239208597474564397,-4112010366053298080
44,19,-6055821297272334012,4563734233768851763
44,20,-8732959662389110795,1625023459413710066
45,0,-2113229705636206997,1791862444646962562
45,1,7334374392529689789,-1555756207952754587
45,2,2922270528441521665,-3477331240526199402
45,3,5764910658562299707,3403439972979190971
45,4,3451884736237506474,6208669068868935001
45,5,-2071318364339260324,4679635257724347297
45,6,-7199183441722536426,7785570438010217063
45,7,-3046018236549440287,5021292536403329205
45,8,-5120983121063789548,-3673030442130276155
45,9,-4622704189009610071,-4525617072157722694
45,10,213350832278841121,8105304441677317057
45,11,-5359526402520436962,-6583535526015358407
45,12,-9008405705007598374,3366158244832999682
45,13,3481550201960051359,293037322192170668
45,14,-7253889763029116847,3688870907977174883
45,15,-8641442258187379792,-7341506523880557253
45,16,5236969032094865584,-4683460608616037804
45,17,2047717426618476147,-6651440338622283927
45,18,-2463610392591031377,4696824096136756022
45,19,-7929610420742327691,7130297682993057155
45,20,6757165977352822701,-6438894667191119878
45,21,-5317584437644527170,7898498587419108009
45,22,-9039583782928846857,-1007413112918812104
45,23,-4134084768396840269,2201102698015981140
45,24,131258674720777172,-3614719861858530725
45,25,668363013380502056,-2858580399590911047
45,26,6045195712392455272,-4581859525134855347
45,27,-2303569102061209939,7745594319171850011
45,28,-6630278122597216904,4389713341362545273
45,29,2555756491456721895,608899383277070499
45,30,-1961147589834247846,4304494133023997731
45,31,-7056275925926138767,-7017167204883839332
45,32,7697613906459474742,6362914232213235157
45,33,4662009223940520388,-6826746055600874269
45,34,-1049609811655645278,-4884516073923105532
45,35,-6728652310850236916,7895340225605454828
45,36,4034168206090226996,8656259303644599911
45,37,-7251851266059758842,6158667144252818231
45,38,6783210704117605525,-7311815906011175946
45,39,3798474559915028966,6776813231854386652
45,40,5326469476531133752,-6068413909838648505
45,41,-6592091261527529546,2241132085370385616
45,42,-5849838813062791657,4629358217966943558
45,43,5155955765726297510,2976897731828520285
45,44,1714439948389925113,1816024279894658100
45,45,7551956198500282629,6003796526358896790
45,46,601269632518043392,5342345751404273388
45,47,7278303632261447667,7396343644602593583
45,48,9079498487923074413,2485519247343268219
45,49,4078491587900626378,-5977116933460148729
45,50,730387818648447516,2197793964446454628
45,51,2030502510665886148,-6329738731544385049
45,52,9046208796153937936,-5997947923228093130
45,53,-5328670320036914922,-3774357665930576248
45,54,-5903317488804891348,-8251349487913005380
45,55,-3479721564684828806,5851539839342171873
45,56,-6153911851469111334,-5442612622458764061
45,57,-2085987187817489495,-2504356699147773311
45,58,5386017041406413044,3428194746848855874
45,59,-5321260220192954547,1332081108772783808
45,60,893560982880910029,-9211042682156852292
45,61,1503485785235354554,-4474943177858076668
45,62,7914517023061024237,-3403536037453008842
45,63,-5998777283030117253,-3629034929606054580
45,64,-2935445454601770829,6094993582910803628
45,65,-479011554150364506,8619056988083905923
45,66,7272983113147172780,-2598497337888376868
45,67,-3342284962303548417,7729295884687937027
45,68,882144166473399143,4200600015600460552
45,69,624742156493503886,7138855938911451302
45,70,6657036962448569390,5250446011764679803
45,71,658707510464404850,-2500121966420928030
45,72,5185344902249556781,-7221098172330272585
45,73,-3335957381127577172,2394584417259578811
45,74,-6314939899407160539,-6436477066860121409
45,75,6972504630611601044,3179205522729729987
45,76,3334496002183382715,5421529375211386638
45,77,5674007162126497629,-8207140872649979803
45,78,-296857790546736440,-5207859626553488637
45,79,577164922248456410,-62071374603552230
45,80,-4593889592569968756,-3237148830380123806
45,81,5358763739702253447,6350086757879898584
45,82,8102132895492173094,3061188497592552616
45,83,4968434908075052548,2086962549328818869
45,84,-5725352208936402124,-2074705527844808910
45,85,823203097638733208,-4051220343889069263
45,86,-4462840257861327971,3472539823162174895
45,87,6917724231969227144,2501699151494450965
45,88,2053117818239952929,-6850902119989080141
45,89,-8160057383300917960,2119157943384706089
45,90,2053117818239967499,-3912418746809015295
45,91,-8160057383300903390,3101267485524937692
45,92,2053117818239982069,3631728981703296209
45,93,8560391309388432268,-3069926377838570949
45,94,-8160057383300881535,-3069926405351185060
45,95,2053117818240003924,-5455311880877375135
45,96,-8160057383300866965,-1289142189525025673
45,97,2053117818240018494,-1289142217037639784
45,98,-8160057383300852395,6019430186220278949
45,99,2053117818240033064,7680294528516648996
45,100,-8160057383300837825,3061476936868394131
45,101,2053117818240047634,-8751344275592133934
46,0,7340875104340868657,-534493212347201515
46,1,7490235391339175592,-744315134311096316
46,2,328983725599708932,-2076034777128538352
46,3,-2770585849177660757,6043563009757816541
46,4,5497882295580989329,-6385238515298451501
46,5,-4765242129860233801,-7067000183567750246
46,6,8664479279518986537,8345353558883873413
46,7,-3303096565359756060,-8165357769267995870
46,8,-8642043203709980896,-4150799620997674843
46,9,1858350045349821852,6924478190488370449
46,10,2683649590294548626,-5523082298665132926
46,11,1739992793387146886,1553281858672676691
46,12,-8931233133931243125,-4199861220287058759
46,13,4212022600098446268,6980430689367006018
46,14,6309069757851818890,-5646680420249894440
46,15,5044489023916143491,-452231647880170283
46,16,-2203233285477405806,4742217124489553874
46,17,7035336819112005492,-8186271539075310149
46,18,-609398997509502475,4728088993560219850
46,19,-4949211632497517289,633304368252375860
46,20,-5826085082021130226,4705937300105519037
46,21,-7484756471243686367,-4345995346075221245
46,22,3122326679925736604,-348655758922987363
46,23,4708701989533365106,-9038523158043749468
46,24,-1712785336096476056,-1995611113952093263
46,25,-2280434203248519640,-7890381836548472688
46,26,5446130261172126294,-6189031084260456951
46,27,4194897904837751430,-9121895067460208515
46,28,-7649876900804891291,-1415978642483887491
46,29,-1955007931306270330,8122476171947935780
46,30,1897837275634179914,-6515922288929475007
46,31,6732714593281903818,6982081952475506295
46,32,-8626483453561292791,6571600046592373165
46,33,-1560435323605557394,-551876059342067226
46,34,-2150854281062612420,8076909430952467991
46,35,-5981753014733953525,-3112382397506560164
46,36,98324475634193041,-3019102488052707089
46,37,8951785197810067394,-4255719228053267152
46,38,5005797903839185881,-124435999819862311
46,39,-748015173852386013,3874355203661851438
46,40,-1008917999991133638,1227126279888252161
46,41,-2304459396466568188,-3410542315563066876
46,42,2020597958809526725,-5282649054739296110
46,43,4869026742700428666,-185592614546914957
46,44,-1730455907412357537,3047144072880819111
46,45,-6340162523122014569,-7698669934644983834
46,46,8297522761683936674,-5336461698930744422
46,47,-3538558921313686093,4666266140959422720
46,48,1276526800161632065,-6570339546353970699
46,49,-7180245858248970141,-8645233049878931832
46,50,5184655156142938403,-2123771040049532223
46,51,4094663381005108280,-2301737943858602733
46,52,-3166062291336469670,-4013049469699976682
46,53,1645177411083335846,-3775423268167587754
46,54,3307310710173675131,3557848382659576147
46,55,2777039013670316377,-659296987583310405
46,56,-4162573449695392169,-5789524818002687064
46,57,7004951198325306870,-1890691984026835766
46,58,7381325580395896713,-9140530314200630551
46,59,1568930877000996190,-37186769759878016
46,60,-6714510910812111166,-3196993536592588229
46,61,-2817967439806047034,-3217439626943035925
46,62,-5684734574106737509,-8904427084791568924
46,63,6194856076846158379,-102525272347783102
46,64,5994765445512258434,7540568485482523330
46,65,255328008813214698,3878436466719737488
46,66,1877901680802087990,7777269300695588786
46,67,-9103544426739595585,-1012425753118065074
46,68,-3621544473788036588,2233237412868180947
46,69,4184404693060372696,-174369780785217166
46,70,-554366493759870446,1023922626193925449
46,71,6416655122138830676,-4353771759509665746
46,72,-4334396111017405781,-6795435007413905747
46,73,7795938123614211249,1528899013519217590
47,0,2733499897680594498,9185506486134306532
47,1,-5116919781681287971,4648897739173477646
47,2,-8749836378732136308,1393907849343913651
47,3,-3470477073510280688,-9065099491778046926
47,4,6055406778218696696,1766049292464019867
47,5,5496405506287757655,7930349840637834031
47,6,7664823599683551715,-8466531934883504747
47,7,7307039785168599280,1735396371539825722
47,8,-2259621549441019061,5763333612431809090
47,9,-1675590242977931741,6962763556828325226
47,10,-2569608743534527162,-2024373435761436433
47,11,-2691067295585430098,-7634838784405313497
47,12,3049745647218667889,8977732978568971514
47,13,3832642321174281562,-9059401092240180282
47,14,3313040454823139144,2871955734328203304
47,15,7791089980174837714,2230718942588907444
47,16,-3235068819168151917,3254714452662847161
47,17,9179553997534832196,-702903747628269924
47,18,6536818571128588430,3197010270600724932
47,19,2288260072797641024,-6964210472931290888
47,20,2682943091707577823,8502059007586053352
47,21,3709427222921375024,8745075935465711320
47,22,419098952770653200,-7221314352151849831
47,23,7574519488972516566,3628793040939591045
47,24,3061910319290468755,7063077066947625236
47,25,4443141544901653449,2774327286519090758
47,26,1141989328469296028,53420748424350946
47,27,-6325341488702929298,1953097567143805663
47,28,7935379440928137094,-6985404131291971177
47,29,5719565536434904501,7444148921273718200
47,30,-1521656481429982420,-6643057353665286531
47,31,-7695936101211187404,-4904796719855523746
47,32,1289049301311650405,-6292953618362566666
47,33,-6155315971659503106,-8102590974703437726
47,34,8081401465516557795,-8719606899271635335
47,35,5328660537853649473,-2202257152873096817
47,36,4052372576838729461,-2094126631155723423
47,37,-5980621439099429749,4637755403567982174
48,0,-8143056321709800724,-534493212347201515
48,1,-1700600749221296741,922258110353306785
48,2,-3034314349264958240,6100809390080956490
48,3,-6333295747720357870,5341417038104809711
48,4,-7439967881790263029,2233506255375748226
48,5,-9122322029026150684,-150894593569406498
48,6,-5405671968175213748,6210781148180066629
48,7,-3775319825515217560,-5183839158163731725
48,8,-7673569338078762757,-2061709649083125143
48,9,7859471405006668939,-5046577460872058469
48,10,6827610747450837698,-2444605844345982971
48,11,-3134385393732915727,7322187413480917380
48,12,-2019780288057848745,61227050286984667
48,13,-3420551718538500674,6155934937930222402
48,14,3570288611468043959,-5246265857508695491
48,15,5616203493199580072,3101327835272754843
48,16,-4176142559982603452,-1734347690640841723
48,17,1590442768809243017,-5799455038436649283
48,18,6628510526512145311,3052471219343008397
48,19,1057338338296056105,-4609924086583788229
48,20,2104773787746952331,-734151134751292263
48,21,3990844666652276456,7975475061264045278
48,22,-4310329038224899741,-3348600745660772809
48,23,2106754110239722891,247674282957469124
48,24,-235966976054366550,-7816120906998436411
48,25,-2148254951444764930,1907851853876458886
48,26,-7737285490613552629,-4325027691954397953
48,27,-8202756593893964792,8409455651711544637
48,28,7920263412283462639,1481371275131873895
48,29,-6882512679545194024,-6133783402799974927
48,30,1635622489595740560,-3314312803391455332
48,31,5522450607240436772,-5856404666669156608
48,32,5441178591055000929,-5821564987317870249
48,33,5100480333325284211,-2242755097069677491
48,34,-2013044355062723545,-3652523388191844375
48,35,-7805793094066263041,-4680772961640240677
48,36,-8822560222841681286,309632445734742938
48,37,-1117894348274717668,451336605988893987
48,38,6847944238270733809,3624545656088389738
48,39,3448272682752755722,595027182224539172
48,40,-2553304704489015948,9165894192760974279
48,41,3017147106614730565,-2079075664536834450
48,42,7846089238776162772,906768301982734526
48,43,3633834472045989271,-4111483970969358615
48,44,6619218025624308709,-6983128015461711556
48,45,7593211786733449452,-1381171739318902836
48,46,7474597735426739122,-6668993124406749681
48,47,-3882438316115974826,-2064441734074234488
48,48,-4345517866290092208,-7911020939295104966
48,49,-813544731585389305,-7485525739348519701
48,50,-269307335375786649,6006239690814233407
48,51,-414288855219756067,2907424670282889358
49,0,1221347066960499247,-7986119331356601344
49,1,4253566859024546246,3887489976404514485
49,2,6168818379637614660,-6458844429025892526
49,3,6805998811526286073,3257892788331154136
49,4,-7788803960537049813,1972461170995068938
49,5,579242597188003790,-252267262220750288
49,6,8660089598920534455,-7060858046301047514
49,7,6107992880298402716,5033251437684636155
49,8,-8854178583827655565,3326285385102538823
49,9,-2907409879123530734,5914428278600678094
49,10,607235299119839493,9065076253190991794
49,11,5760440761399607291,2372735114384948531
49,12,518850102650033313,-2296112438597308357
49,13,-7393762801331426177,-841993424538999940
49,14,-7501203540835749408,8723201791521231067
49,15,1946988610311060254,2405042359973324027
49,16,1708989426880633621,2953797380307830155
49,17,-2486711758038332079,-4251202119851913033
49,18,-8142272945373342991,-5074181428489277285
49,19,-5312098778107504050,-700888368995091982
49,20,7885863174012735217,5606115817536225043
49,21,-4341429744680696699,-415589719052267452
49,22,-4967028208509461172,627521349125121066
50,0,1434485353919839056,-534493212347201515
50,1,-2589661150827858433,8789392063377386591
50,2,8318239798419109414,-5358932735523311620
50,3,-5600834384059725350,7378427203525718109
50,4,-3953490088259302284,3695615231371193743
50,5,4353923963166349567,905890827520855681
50,6,8724552611510224383,-4438110861807298192
50,7,-564713647807417642,-3921536989067655816
50,8,-3768455627771728342,5733558641236974068
50,9,-5121564117825896873,5271626750903739664
50,10,8045901163973914705,-1834940872153776008
50,11,1310912220406307820,225908686432085342
50,12,-6006989212083498232,-589517441736939468
50,13,-5174017983107278490,-7151389188376591818
50,14,-3398313607549763402,-2661733911273394128
50,15,-1788823143444926175,-8937611120389904316
50,16,-649960706207680457,5429349525024564065
50,17,4042875068616826441,-3817710631446621390
50,18,2084259865432113887,-842434977218954430
50,19,4162713480782892005,4716407209973346147
50,20,-4145426341052548172,3105453766358276510
50,21,-7784677790081799569,7544696028571384059
50,22,4728790302884220443,5032068653328238439
50,23,-4944573569715286667,1084510589037291754
50,24,-5205596910667149538,-7927078794936598659
50,25,-7880112894775158711,-1007562811890394028
50,26,3807790438702384166,6680785018515001375
50,27,-3716017291075435382,5327789055561708921
50,28,-7687096606966397446,1897986924862646477
50,29,-6865638839341274762,-7666761547864887064
50,30,-2303144726972584827,1215234053117131011
50,31,-6083558369104641998,802350268717277493
50,32,6495968927155688083,2216097708712710444
50,33,-2695952760458901794,-5242387289329409116
50,34,1181520955510582141,3668713402942447425
50,35,-2250238532712710434,-50307217972908205
50,36,-3988320203543478674,4827860694039293103
50,37,-346419412862810223,2426185432929995198
50,38,-8977947503583281608,6106418223224340602
50,39,-6312088039505167402,-1430091868477789543
50,40,6399657380105027,-8430725428297184038
50,41,-992531117591280776,-424187495936209760
50,42,-2525064958562111900,-4608560670351451364
50,43,1755272018427797598,8019049147599846382
51,0,8433308373610040366,-534493212347201515
51,1,1970608071421877028,-8798095227368157241
51,2,-7959095012135309298,-6282676470355595594
51,3,7891564889794016698,-1570969679597193158
51,4,2372179013367759249,-3103782364381291682
51,5,7134493524955370387,-4102307040847569772
51,6,5098145900157607582,8772585252810940277
51,7,-9119526916181537222,-4183562190814708856
51,8,-3425471303545420028,4669855940561837329
51,9,2228994401942383814,-4434101142289546195
51,10,5686285822548487811,-1144394957917850995
51,11,-5381536379090692255,4525328174698009543
51,12,7811923362138912787,6555150683397812564
51,13,5449201561076554806,-2333974464885168374
51,14,-3687392155790860920,3787135719481248208
51,15,-7737962178782959161,28058512594158532
51,16,-5898181313554227322,-2769590468752654536
51,17,-7459475416686136014,-5543207256361120248
51,18,6695715966707438065,5762935169805985941
51,19,-1783652487698031178,-6979962999171266758
51,20,-2215312816794641766,1403226234815988920
51,21,-2287146266013236722,3866410803963473771
51,22,3557615508817616104,-8463862864356324832
51,23,-6271599306400067110,-5328302561615400670
51,24,2550201451761978105,-7182941855877318068
51,25,8549280940885416772,-5439981571656885849
51,26,-112880205879508544,5370609455046725008
51,27,-3887990182774021390,1224001309900070405
51,28,3279711499951817171,-8223510977573681435
51,29,-5702655779747100112,717626018064402862
51,30,-4288827542049400667,3480201168574540377
51,31,-4422439803253858688,8464023789919083522
51,32,-7616031212305830283,2019102006272182630
51,33,427988802305766923,-5503946424461743277
51,34,1031733107680739844,-7502687852856164519
51,35,2781336026686692890,8945314792458965855
51,36,6159343922775636443,-6237616408748435690
51,37,2109186512976697825,5588376431241135602
51,38,4062556118756782460,-1032374802478844722
51,39,-8567239758555774673,-3185838888756496971
51,40,-5688697014541769674,-866172415534581420
51,41,675358511574990128,5967042597477629110
51,42,-8981878530620339915,-6743134160998783458
51,43,1477342280548904700,-1088847738618261447
51,44,4527760211922535159,3993309664092625116
51,45,5236879357744508649,7229730519780978077
51,46,-6373047793212210040,9099938293740518215
51,47,3026198628637103651,7622549468793515168
51,48,671074926655723000,809506546792259846
51,49,-6853429523094844289,-8026624751942360526
51,50,5663996428514037843,-8439639052752069930
51,51,-6449243113674081971,-9125212354336252203
51,52,-3927435971589652088,-2726443271858131173
51,53,-8469823468939012693,204928587080710697
51,54,-3168286447183723358,6891529257719924366
51,55,507221938983622236,-2217118777620434613
51,56,8428808773303253452,-8625949147399950702
51,57,-8068622513292756310,1127063959103620689
51,58,-530881581137264820,562820126087546331
51,59,5012351446596601735,-433542098771115001
51,60,-6269163885235490105,8617022570778735660
51,61,-4352670862463366039,-1654810605024212599
51,62,1378713080746154820,6520100292882390758
51,63,7087673435614191092,8755330833277430178
51,64,-1113733933112629864,3861033980192039982
51,65,7259043642328273760,547245332981408170
51,66,4695344729444895444,8215457045197713033
51,67,-8688783987779276869,9076832170641057410
51,68,-7384777635411454881,2279795094896236744
51,69,-8526001746535301588,-1050756672762913310
51,70,3540225987924281064,939760776553077131
51,71,5058957261884577013,3614741313206370666
51,72,-6182672916186236813,-3626043227622561145
51,73,1795005009902522136,-7908737363901320523
51,74,3478350358279316695,1706945225688530873
51,75,175297270808121631,-7124116258431169347
51,76,-4009141034451843164,2491566331158682049
51,77,-8145558976534395753,6641087663001299382
51,78,-6379841030938797476,-5325668603467191560
51,79,-3266990454640950221,5566347143251161605
51,80,-4410820661698094331,8517997006414710999
51,81,1126676810758760873,-972616073043744541
51,82,1345928693383626098,5984434756261276382
51,83,3841518751143423967,-6999800910319789149
51,84,-7392332935981992430,-131558480356724674
51,85,3278100905352100167,482147511891319395
51,86,-7021572320220185144,4223121722996873667
51,87,3708755272701637741,-2020644432593125952
51,88,-2150765312327908053,-2641377033664183618
51,89,7541087760779720751,-3268831671991048354
52,0,-6356825102879693430,-9066940600089484188
52,1,7466334935835611859,5939938098617998553
52,2,-4528020443983300091,-3514001975986105353
52,3,-503799800022757960,2315593005376292795
52,4,-5707153094894138267,4799216888306898134
52,5,-2045745523856470676,-8744417844271289183
52,6,-2068704313357753338,2918343785467267798
52,7,-6628397930570185892,4507876685491923371
52,8,6085726044351179438,9146943148392185782
52,9,-8217298364692782312,3500604867516646274
52,10,5641417516044002249,7825806783644989714
52,11,-1374464089504178873,6510810591040794882
52,12,2927324000754350988,1540939177826191078
52,13,5102447940335490019,-5777220230659302360
52,14,-5731250318676052453,-3922298790480093486
52,15,7318494803029838970,7072265134533315483
52,16,-1245759973158353202,7746398176512085012
52,17,-2666450755701921494,-2997310918423386629
52,18,3574412179865955637,-7485784065818221032
52,19,4739844697075356583,6296539645650081265
52,20,-4637913942982044851,1632119283408831946
52,21,-959579412780735759,-5565872800515168922
52,22,296573450950937937,4247486276157293597
52,23,157305596415990898,5846589087284701969
52,24,-8152121976298854986,7056336165489988187
52,25,2375615336574274459,3693939902744850599
52,26,-5812488979180469210,-5417675032036014705
52,27,9037598856379176035,3942509502088070188
52,28,-8205789042424508143,8576067740412753531
52,29,3524463775575201449,6146527827638580732
52,30,-6625882367128654009,-6206951331878974538
52,31,-3690258078406263175,353116833874388372
52,32,-5481336158730349825,2096077118094820591
52,33,-5381512919058043712,142092004542065731
52,34,7884118310500900601,7570576012194586925
52,35,-3702361757248488294,3271251638459753025
52,36,2603086873328877767,8552439723091194667
52,37,-8278394392221935430,-8151344066397924730
52,38,-5652225337686756281,-184658731739456100
52,39,3570570711984273772,-8631655238779931263
52,40,-4404935303945837108,6514023624590541005
52,41,6779507719162568335,-3136537430835965732
52,42,5738517722678226024,-1354340199596567200
52,43,-2495228432840114161,1659875136855995687
52,44,-3805565784350151230,6956028629523745237
52,45,4146367764524356365,3036289760755851752
52,46,3268566932902106742,-465901615775368674
53,0,-8018854667992984724,-7986119331356601344
53,1,-2187171560086011454,-2577965720485924545
53,2,-8363319327353456111,9058494814740752829
53,3,-8677312043584496355,1844764938397387206
53,4,-1007627156638827675,3246553408429142208
53,5,1000473664673609374,564450637251907273
53,6,-1630113689663229485,5106259596773552264
53,7,5497651838415235374,-6165818355358134561
53,8,4694261098113663554,-2343387244946016708
53,9,-2643938092629006708,1169336374084995514
53,10,-2411343187068587313,-169804436835033964
53,11,1200033715089554579,3878021737915453135
53,12,-1081609219203103602,7925847912665940234
53,13,7092340276517270472,5424919725462905515
53,14,3877574252955468676,8486333011005528542
53,15,696333652280494329,8357601190360866643
53,16,2579370364641519194,669324168571374319
53,17,87988745720098214,3768557062161801169
53,18,551372814565424204,-5753548638126820348
53,19,4583479645368058030,-2967146913865769966
53,20,6956851114607724013,3059879314146828824
53,21,-7500770940834567182,-3351580661480317525
53,22,-7742261247814424983,-9104723740440052975
53,23,-1761222349821051551,-6466855926320666984
53,24,1834809569881879708,6226745068429149182
53,25,-6741353555953247679,473601989469413732
53,26,-5899813174326079164,4357664260696673365
53,27,3433164082180041287,-7362798713534271024
53,28,-6094535809613705913,5548816456280404442
53,29,550984279863745695,1645002892448737006
53,30,1560067563026213689,-7677516418788933467
53,31,8418886583049307381,7083193442473037451
53,32,-5995801944022392255,8748298372687927214
53,33,8461711906252516841,1446613244081423980
54,0,7863046646418972550,9175000992564446404
54,1,6306165111765332347,-2963481035110900294
54,2,5615467002768005821,-7680237360925240664
54,3,-2788562833817170054,5722176754503726461
54,4,8039460725692093642,-2925897559172076102
54,5,-5483687360066947564,-4535344300858596688
54,6,5493036109575059002,-6988670953343029579
54,7,-4084424857515225798,-4300668335643750920
54,8,-2845462112031373127,-8278880296011199812
54,9,-1372507536701034234,4981615858707636035
54,10,-7690637052681712178,896629485612385063
54,11,-5340109165616184658,1662630247474851037
54,12,-5383664831988919979,-7474739331207175455
54,13,6677775328455816635,7412732621840615472
54,14,5249985775383757244,-8555864827077231107
54,15,6791401901425130276,8712661399108395250
54,16,-1123595527653892161,4344663453671299586
54,17,-5414162605938014499,-2368333745815540290
54,18,-8764109698518359524,2270052999082333067
54,19,-8798268326295960034,4623905343381566501
54,20,8007658108262599658,-7822839529411164245
54,21,8331806492382684491,-6442884049730650342
54,22,-5767295981453114395,735776556153761809
54,23,4535212122998671342,-780884979089074549
55,0,-9124373601204249943,-534493212347201515
55,1,-1539542056074878897,-5261752925984795353
55,2,8164320994116135951,-565918617057342697
55,3,8925010329799371762,5087375536079407995
55,4,-600188345859060949,2421543948576725457
55,5,565302523849070960,-8932357938306710448
55,6,6516599045595731288,8315438053996583938
55,7,-9186755711609108746,2235514720213058374
55,8,6115132684178035244,2590144557642196502
55,9,-5052178563124677277,-349145726154258325
55,10,-3294863184540060271,-3929269825159680636
55,11,2421387862974161136,-6643547627305842416
55,12,1951537036460048318,1135617663391145003
55,13,-7172253990814278775,3983814695351971380
55,14,5265169315813914232,-2886393336722774062
55,15,4012320974937689568,-1282875738661838572
55,16,4361712134683279189,-2382283888072228542
55,17,1900383395404589070,-3431891555881617500
55,18,-8048345994654508592,3299990478842088097
55,19,8226617755981067894,-6244236096833246918
55,20,8852350284300242828,9151151019700705099
55,21,5516107736505197012,2772256118664935527
55,22,-7881274656087145411,6938596971906510233
55,23,7256887835960464700,132171170190218361
55,24,-2723852082140355235,-2834911260750308749
55,25,-9119574988682126797,6780771328839542647
55,26,1627028712019506094,-5832962479187256027
55,27,-4653384413276949643,-14317009117619551
55,28,8978772855833891884,-8689012793160463498
55,29,-9206642404902195600,-5785259470808541773
55,30,-245960139661996780,5785073482837610674
55,31,-4724247445761913359,8723329406148601424
55,32,1230359011879246438,7428749994176791127
55,33,-3091236056183896857,3745062095603902186
55,34,-1339813940059241493,-4807118064160919017
55,35,-7167275726966523198,-6658456782303049975
55,36,-3294258163761329379,-6064137837097177906
55,37,1763872564569638549,5850551968049110638
55,38,-4333172467036287181,-6777546635590804502
55,39,1938183462635866272,-3033855307130670694
55,40,7202605867229583798,6581827282459180702
55,41,3724957102758888164,-7768354299091446690
55,42,4935288960836076822,-3546451157890462027
55,43,-2554601832138548214,-608195234579471277
55,44,-8505183384449010180,2330060688731519473
55,45,3934791146092785170,82488106419959157
56,0,7782749276917627108,-7000810017917568568
56,1,1076355258627313613,6108013888688258494
56,2,-3909604687820311533,-3281488786213417816
56,3,225249593629368464,-3423533100986453138
56,4,-8788749186303679949,-8089120560859166253
56,5,7563622032988751627,7430399673526174818
56,6,5307266449024717086,-7213167067072100762
56,7,4895321741200752103,5336686183539847460
56,8,7719364001051682146,4842853883602233383
56,9,4162346850238842953,2469682792759219532
56,10,2604257700932025806,-5363643587119596966
56,11,739144075691209411,-2845446579636104769
56,12,525742050795475127,6596272620863803303
56,13,7512455855300546659,1303254875826675296
56,14,-8565717003448492713,508865906378155537
56,15,-4142394893144563457,1021825662036378002
56,16,6312624282954541547,4040059234956546644
56,17,4195200299281078441,2775512954208929549
56,18,2223038243984443548,-3882477908562795456
56,19,6343057309388491424,-1964561703579646044
56,20,5374672918687793173,5985745976130996597
56,21,-6013193966626734933,-7378196695827961360
56,22,7193579346356746453,9069805949487169014
56,23,-6252579640912126311,7071064521092747772
56,24,-8515002424465087446,5072323092698326530
56,25,-676456389118092665,3073581664303905288
56,26,6895194296553528678,9211741404695670665
56,27,7179086154008738649,-160653829194586804
56,28,-6078947889642166389,8056763193536913341
56,29,-2186851694288259294,-1563884440617785614
56,30,-8820950303690519702,6977443249483739687
56,31,8917974252255904486,-8714368210973914860
56,32,7651558708069516593,-2330174206822815638
56,33,6784414763850538931,991722230667583994
56,34,-406475712482227524,4814153341079701847
56,35,-1778949612526580168,8636584451491819700
56,36,7255589418979085660,-6687116059566130088
56,37,-5066405965108734587,4169371651998196077
56,38,7181687712871018607,3047910732160608182
56,39,6626272711851157608,9128776637464401526
56,40,3506396685167433416,-179599720485724014
56,41,2819002659304181442,4101843780391596213
56,42,-8030694570170383081,-3745844737366625527
56,43,-8400040072855711915,5855604132510955195
56,44,-1288729109877371282,2751387788075040770
56,45,9115818492504183174,1462144867895367653
56,46,1753069744606850254,-8331864128246820187
56,47,5049896859495917266,6505316313652363940
56,48,6072568025440428780,-3632913140803391569
56,49,6239512968587419695,-4183361225041972563
56,50,2693167395637432027,6887395262425614119
56,51,-7096576916379933813,3652710176317837838
56,52,7649942794287703189,-6969492160275326067
56,53,-6089085606192431368,189970937825075538
56,54,-188464100797225615,-4018546405912760504
56,55,7795667088238823076,-2516947177521713020
56,56,-4565030130169797087,8303163030723280904
56,57,-5598682279803628503,1638148107896668611
56,58,-2206623696855587780,-3026272254344580708
56,59,1925857395035381534,-2574449078718209028
56,60,9101253143476599263,-6266535200706572758
56,61,-7657230677910435846,1754006137552420280
56,62,3119791384416552132,7142609634282933296
56,63,1470207130993262854,-2774982507102100939
56,64,3394012104858319093,6840700082487750457
56,65,-1721905077698834940,208930120073638630
56,66,640707779790352750,-3322917171528749002
56,67,3367588545170116041,4345294540687555861
56,68,-1804444772851062760,7579416654792244720
56,69,-3811056367702260145,8268737692347907329
56,70,-1365475323439683995,-7239750458050653537
56,71,3454802083444511879,-3072293327996688642
56,72,7374625457702349607,4595918384219616221
56,73,5123274556120726141,-6182613977273630532
56,74,4854275145031535717,-1142189796127635750
56,75,1994491280409154349,6644580737112012641
56,76,6765870629150094941,-3622747815317054944
56,77,-3241340716461397211,4360345211943011267
56,78,-708831040627327757,1415596593152658994
56,79,8948270670661114361,9083808305368963857
56,80,-8213038974864435903,-3347084059620173512
56,81,-7002415290699602707,1278553161461591060
56,82,-1840952638596633309,8888875910816232034
56,83,-5470792428147459647,-7252910607139448840
56,84,-4742316221982520081,415301105076856023
56,85,8668483270765274337,8083512817293160886
56,86,-5669890901866194811,3483401665502482080
56,87,-2598670122957559037,-6980249380947003325
56,88,8604638427281380173,1002843646313062886
56,89,-4623459055226878881,8985936673573129097
56,90,-4477089588702597085,-8982721388699112349
56,91,-7407683988626098165,-5799478840790959827
56,92,-6772826043078259587,3508957058065683644
56,93,6140467976390179528,2892491577961116619
56,94,-6398562077125431026,8272874730310272709
56,95,6027047152014150579,1278783850632122550
56,96,1326692174154869436,637564022222453398
56,97,-5814778552234636827,-3655806187215754
56,98,-221303394409479802,-7709285205332277182
56,99,-5875111335691558387,3571302795428218974
56,100,6192321554299163292,-3594853277520836486
57,0,-8518854048517578892,-534493212347201515
57,1,-240653916528520947,2585580135669445956
57,2,-7684316283464725681,-6002582168812306878
57,3,-3786592781119937084,6700894145227914754
57,4,-8241035865310524448,5366492410279437527
57,5,-1051703818027144173,-4872107433975737068
57,6,591218547534635080,-6538849683892483829
57,7,-6209526964627580247,1907096045528985285
57,8,5044603766356094978,1018990859185336811
57,9,5525762912378466650,7921643790685226565
57,10,2206039932608098133,-7171283846730250548
57,11,-5089351893162741738,-3817467410436176045
57,12,7426974862569022393,-6588033314401627399
57,13,5430970222718396723,-1517943743352894328
57,14,2574481072431951252,-2709093157845039006
57,15,-9154072408975356193,1475968736043147947
57,16,-4397650440352742428,-2409852357275425913
57,17,1270357266288913518,8160251387958859546
57,18,-2243837735276401532,3721770162747382440
57,19,389315365062824090,-3240333929318566651
57,20,5077174371896099010,-2681112509829162107
57,21,-953982204550497448,4948084711037574888
57,22,743789088329734512,7856299618066476348
57,23,67479663186904087,-7716224310652666614
57,24,-2193388145202987199,-4657187949173274887
57,25,-287467177755979324,8086136228834619113
57,26,143122341871685654,-2029856407110951155
57,27,805087487183557944,6840548197100033591
57,28,4711721677981609806,-1871648728291515947
57,29,3348007424973997139,-579133352370110262
57,30,6496993064112542333,-225395522330334283
57,31,-4014175656006611353,3102097438473201764
57,32,-426053642937077927,8610264836335854991
57,33,2706636530825553837,5192582256107755359
57,34,8738090822098961033,-3599066187297166373
57,35,6287529102958467800,-7459233381240963515
57,36,7318184059341481091,-6030957548875749323
57,37,-2011711778673156148,4332585784921526937
57,38,6444398074148733278,-6725109911549218833
57,39,-3044918880151379484,-3349542737811361949
57,40,-8034435628577256258,-5954212273735733343
57,41,5440188480894596907,4669527960160053924
57,42,-1355458513023678188,-5940499553843957607
57,43,-937608782828664145,-7080300011795376150
57,44,-4233460530473749158,1307247992734280402
57,45,5923760813939578491,6348036588288852348
57,46,8575842218221856219,4224141982630945617
57,47,-8017011376432739294,1249817689282851039
57,48,2792566012425222346,144495316759170621
57,49,-8229864013498817413,-491367403761783913
57,50,1901276819241854244,5893873595799288329
57,51,5841660330697059089,6555699130722060927
57,52,-6338472277816832456,6268769644006757695
57,53,7466939769248431166,4790638723488278622
57,54,-3931712055599439090,-1025620368386608386
57,55,-8154313724361328283,-4098291588086903583
57,56,3828012684700990462,-5846302187979604529
57,57,2313323000826613130,7954970900860679799
57,58,9153100745660790736,2805195332073971231
57,59,4811139287115415456,7443721332777909181
57,60,-7746068833203201397,-3746784055979764387
57,61,-3125047826530014950,-8038847637584421195
57,62,-1056428776023410006,-8674710358105375729
57,63,5741066965406488464,8762969893709192345
57,64,1715352982184948591,7893601191254501098
57,65,8639612456222194091,7653718630244577894
57,66,7304712967857687637,-4557688820954563837
57,67,-6603138388460142514,-3707417773648695539
57,68,776397400068749355,1184551646750200320
57,69,-8291193123515168847,2447967926680126082
57,70,7242286396910141229,-7506904117213501227
57,71,-4016590642925995972,2464533666038386333
58,0,9191492127467298972,-534493212347201515
58,1,-1753802101432276445,-4525412988612713151
58,2,1006132461454569717,3157492142594302352
58,3,6204704855481211123,3560097631534177358
58,4,-6580364879382213226,-4719654284804721493
58,5,7380515383042623769,1936471810142735508
58,6,-2229745711766876933,4699140274348973326
58,7,-1459979270719737707,7632975128685266403
58,8,6232142927974587246,2708472938080777828
58,9,8515999040914129223,2072610217559823294
58,10,-5919573843850660149,1436747497038868760
58,11,5102651862388319968,800884776517914226
58,12,-7786092034142661223,6874247651168794230
58,13,-507429029530039366,-1250512889497699653
58,14,8303815647516861858,7147772051342040832
58,15,5026715039677868186,512902121842570475
58,16,-8326394723500731817,3246340361419593453
58,17,398108074890566331,6065765943368976103
58,18,5955112896407488992,5347294979272481437
58,19,-5532219296813971305,71796688545860645
58,20,7655506438397127111,-1138719566383047385
58,21,-2423065032574926472,-6713901594016454251
58,22,1344909185734471263,7313674398501536086
58,23,7866456429505350455,-7945919267544029960
58,24,6878999643699712163,-8386088348292442752
59,0,2447484761201035513,-534493212347201515
59,1,-7231437513085613245,2585580135669445956
59,2,-8113564007171328554,1030334254467475679
59,3,5637599780593444115,4741236252755262030
59,4,-6280353116491695940,-7012475218523706636
59,5,-4129197443676053310,-6829438816319834928
59,6,-665489667343184010,6090712856601150331
59,7,-3407088672845611924,-7374599671176231623
59,8,5058642039065542997,-5631639386955799404
59,9,3483033658895040029,2694876190133134155
59,10,7027778270000499822,525839714914061741
59,11,-130327343605220675,-8456878830761773315
59,12,-185027780012585184,-5103035954845575620
59,13,-85269131150494133,-7763887025523229295
59,14,1637172310549076700,3512329709518024839
59,15,3537007467988033712,-9037170272675057626
59,16,-236002006587468337,-871199362602883380
59,17,7408113622813720732,8164370758848810505
59,18,-4067260754227603815,-3903161601146207392
59,19,-5151402464878668295,-3651267298483056397
59,20,-5104868505768967049,-8148290863606156773
59,21,-4327046688911296469,-3853441369983948234
59,22,-5012887987297917254,-8887570418013460
59,23,-5043909796741398182,-7613953078961211517
59,24,-1900139608568302127,3227725486205142042
59,25,8400697568149295826,-9157360378293186292
59,26,2889270179464137048,117465832196882922
59,27,-796787291500161048,-1735531488645232304
59,28,-3372276295890026881,-4885613501537725111
59,29,2625687701016929777,-8477879081748463379
59,30,-6550417427282139845,5373818250326643275
59,31,404113243723583367,6646962767972152577
59,32,-3960552841960915982,3384343248671176931
59,33,-823597009704925091,-2004016642919595585
59,34,230292380896556864,292938096972144649
59,35,-6434135033252761027,4716072302809095121
59,36,-3805604542989894045,-690336730805372239
59,37,4891356018687199159,-4535436584078951736
59,38,3177321280418385759,-8817701363595668403
59,39,2678653384458281183,6367146845015121975
59,40,-2253620717085251988,2517314226658400586
59,41,-1668331875157258761,-2870578366992457528
59,42,2209027303579518662,5961917212474663032
59,43,3570191100932879086,1687039831880329463
59,44,4156523601692260236,4294559248109252351
59,45,7471520388273382014,-95746570976415986
59,46,4293460590684328991,4633561385455845162
60,0,2648098906704535009,-7986119331356601344
60,1,6634198366702043020,-8878329551415139626
60,2,5914245455415341295,6341354053138738694
60,3,47564606480330267,-6069175082693280487
60,4,-5018583354656552865,6599258600414751272
60,5,-3864956158406563832,6781633015035840137
60,6,-3045584832163826784,-7161598786598244157
60,7,-7848991024086110722,-63759099533775446
60,8,4594214789712505933,1147861031198040563
60,9,1549855773039744786,2881345889287231165
60,10,2548926577485355739,-382802434185560365
60,11,-286516026313206145,7412146998191001978
60,12,-8530526208845860230,-3519227176239253963
60,13,-6414851247196751730,7472302032176402837
60,14,6371427467078543312,-7919633765583508106
60,15,1968942066061616663,2644343298180104276
60,16,-3802484359438429410,6773092516511007442
60,17,-4432312796714878924,2032113047929245441
60,18,-3192941901642431909,2039276774042051792
60,19,-3178098707010778945,-6721335075849030806
60,20,9064164505394683815,-1581636472669627698
60,21,5789021834020767222,4808994785890351044
60,22,7159626120003828832,-419534851438784543
60,23,-5022754889877618507,-5648064488767920130
60,24,-4307002050955362300,3604484910199726141
60,25,-1059992196788242094,2122419327350188150
60,26,-2429229341722433782,-2884127467379936740
60,27,1688646944097191938,-2826488303301421113
60,28,-7806681113111648779,6077926573699435395
60,29,7375102128769811076,-3125445739487154132
60,30,520508706844229768,2329516819039197526
60,31,1262243644460656916,-6040541578550049388
60,32,5043898772165253537,-8441199715259833889
60,33,2589492969943752737,-5611797766651889299
60,34,4102867942986333930,-3868837482431457080
60,35,-2235249369743819975,-1607498028780764798
60,36,8547200469716905476,8318435678228529913
60,37,2298519895702593763,5416065629665190130
60,38,6769042149812276323,1885643167706059775
60,39,8284255476513559343,-5353981585909948151
60,40,-1685863159911884363,4713523837836616781
60,41,5233013599705866487,-3441917514109973729
60,42,3709906984752121910,1117083050291572501
60,43,-8518439282589472458,-2196570215109117161
60,44,-640827310148497416,-6586523759920865545
60,45,-3072636107143591149,5447944051062964542
60,46,2380604573575933323,7388464667645827490
60,47,-7773975005634179173,-7710966219089632361
60,48,1887706848330284833,8737036426225498013
60,49,5305482208300851983,-4295918835606719705
60,50,2549299052104509974,-8933772464823430684
60,51,8041516915872254226,-3335725421339380129
60,52,-5415215949454679185,3931840211794483794
60,53,1174825811123905010,4497755538823175136
60,54,1958965240224670910,9121512364198302434
60,55,-4768886940607476036,4010378062525758333
60,56,8432905889593710575,-1169511028161576390
60,57,3934746001924930476,-4041607813386388923
60,58,-2834733415435848180,8301431150920663671
60,59,-620741060015369557,2113027353435123062
60,60,-4724438551584348444,5572175740241242730
60,61,-7541525523752741406,-4495918182179700687
60,62,7961807893814116280,8068559629361660620
60,63,1360533146144683134,-8785034756626099666
60,64,5951507892718538108,4653139272589029262
60,65,-7825117210778382751,-6255626978021391457
60,66,-8776248836966461719,1086204861795527853
60,67,6433830364742629620,-1858395770693236252
61,0,-8066058288742249779,-7986119331356601344
61,1,5439175423469327751,-1188679373997080434
61,2,5306971595025205389,-579762152516489203
61,3,-4862424748102647532,-2903864525227710875
61,4,4064222593052158041,7262658623685601049
61,5,-8115561730649214710,-4916548699690757753
61,6,8970031496362433259,-1971999996435588550
61,7,8235100591980699633,-7817628089568756974
61,8,7881082321826504410,6275512080572095724
61,9,1219572723150765326,-6021349895047582679
61,10,-5710573844678585678,1897563236079016225
61,11,-7370483001595631307,-9146833908562785112
61,12,6377691743180484947,4381572545345160565
61,13,-5317281105568373082,8632277358425386936
61,14,1337249745645782085,89205057932755412
61,15,-3914267996854140744,-1869216345083859592
61,16,7812113539481251346,2983543274504459729
61,17,-4664762071251049597,7189739392417867176
61,18,-7822349245658683428,2845017249414676409
61,19,-7831076207719541130,8139636877214709901
61,20,908812889316497045,6092244365245689167
61,21,510832949958091780,-7374747657131588469
61,22,-7323014489684065261,8165911623913558221
61,23,6044435924827767125,-1598114682904316697
61,24,4836321165924225207,-8729980028892822212
61,25,-4034841875616889908,-6122460612663899324
61,26,-1199522551006703062,-7233760928278865066
62,0,8629699243357406983,-534493212347201515
62,1,-4931336205033599538,168954794251125871
62,2,988686393727975060,-7600683933835208766
62,3,-6919252143264655582,3516194359980927040
62,4,5705485038925429015,-6462029456456037168
62,5,9141689980279405172,-3555037561611811986
62,6,1921397096837009989,-7942439261547534748
62,7,-7381369620209720104,-108527895762153299
62,8,6977346501950629899,3000755584143685124
62,9,-773150507470607198,4326376477980795486
62,10,3479528247361616862,4292916873874983978
62,11,-6917096007988295530,-7224412747920250438
62,12,-5878749955003391369,1022372979571657210
62,13,7280248196002817350,1893412556172295458
62,14,4204361585434038771,6801273775206509324
62,15,-6617281402753380286,7374125525809739570
62,16,-2334574089793586311,-2081271537573922925
62,17,7619590992558854392,-1001226449488723647
62,18,-141810733431205809,-221118160325036080
62,19,-3499363616540955244,-6563708306391909255
62,20,-2496730896136033131,2347392385879947286
62,21,-3583514556689651799,8432475215990628885
62,22,-1342202841934928465,-6049186118107725286
62,23,334777152868102095,913862733616633930
62,24,-2448010836613803789,5222442322148975519
62,25,-6472525201678173940,5365906686016207305
62,26,-1133702165380002381,2212369550492986502
62,27,3697290502992119734,4512752546500678904
62,28,-4394830713011842580,1955367618390620363
62,29,-188112596328166698,-7244808239879506384
62,30,7822617980692662733,-906610597753825645
62,31,-3627870041985595416,-2169437600855615344
62,32,-128562678033918967,-367362159263339646
62,33,5182151385842314060,-7952372190286582271
63,0,-5035474827426777235,5729030005759964463
63,1,5018407414364648104,-5556021363239785292
63,2,548326991804738051,1670421740820724257
63,3,-6216500234452781745,-4038962393839797630
63,4,-755573906426951852,206454462364152373
63,5,5172008144757178532,5324707057484013717
63,6,-5275652947279248455,-1296044176235966607
63,7,-9034633009783534871,2167106182562001177
63,8,5234285606169272085,3910066466782433396
63,9,-6556685624505733067,-2482869102785439176
63,10,7225388687131860460,-1697594073539030110
63,11,1643252140783834510,7132708042040202133
63,12,-3024220555680365255,-6319769873590216656
63,13,-4608610251891450705,6756580623542406745
63,14,-8245068931352111280,-8836647219598042375
63,15,2298002153908929998,4381972224370278205
63,16,6077710611660473330,-1904154773899870103
63,17,-3518008199552454889,-5662423605571720267
63,18,6814406388998245303,-5481798463439605935
63,19,4638305470994708799,-378027416890453620
63,20,2102897917486025231,-7049556607724522922
63,21,3669680091401883697,-4764664165487776255
63,22,-5750407896497933925,4890431464816853629
63,23,-5915835947743973675,4716629208017308743
63,24,3663396422705131939,319280878624818052
63,25,4267719606633251245,7370027815165705528
63,26,470367095920733790,-8380104424841102415
63,27,-5635924600846771436,-3517446895050494979
63,28,8422217003694138456,-1024297265913977332
63,29,9215842558187862441,-3724772413692674619
63,30,-1997908917568682487,-5504297399723190718
63,31,2447464450485060115,-7074652425758652860
63,32,1520788911251298805,-6239313644951398341
63,33,-8631934179044987202,-8778057213416614285
63,34,8916644232443795888,-5343890196578926118
63,35,5267647406798771397,1387991838144779479
63,36,-6170803781345677818,-4085075095548668747
63,37,636914983221995317,4936822620675265065
63,38,796662245503128331,7768139879055402615
63,39,-1063684333098229651,4395468667942936117
63,40,-1271747742444903623,-9172638711342389176
63,41,9112803103207508050,2531625828119330174
63,42,-1470283419068844938,2438884330083833455
63,43,-8658641861941449347,-9168089220415236661
63,44,5177386379651708280,-321877267536959843
63,45,8942883502965905767,3540283419447308508
63,46,-5530979475731562523,7957387235560279861
63,47,-1663270894294408692,-3659044688187247815
63,48,5244123879581064005,-8066656237876735982
63,49,-1483177838691357855,8297867547103662377
64,0,-7803238404082275670,2104876380417908868
64,1,5245816782341177593,1629025553239532422
64,2,-4339201324922414354,6079529728171913450
64,3,5752791077796460305,-623297177743425518
64,4,988167886828290684,4795352194677306765
64,5,-8470560029780720920,2751455467756391548
64,6,8120016211031700135,-7323002185470552922
64,7,3518737352429169551,5701011376026129736
64,8,2049938096397856804,4886917105154339781
64,9,764465651977634284,-1993962226888155903
64,10,1807835548199204720,-4790900497724042017
64,11,-3098248598851118412,659467617187671580
64,12,-693287786464946952,7499824439886969261
64,13,-9019344367619127292,-4296738099122317895
64,14,5272498426753621613,57901817806784894
64,15,3699382041387620560,-3154916976313159974
64,16,510900326331759091,-5169299189487135272
64,17,452089187266248722,5275293509450633523
64,18,-376500271360471370,-3686084464645281811
64,19,-1958809000879948055,448293024277767962
64,20,-3124553088776047831,4726802200103762251
64,21,2451366310686725042,352124760206479297
64,22,2347443296594447235,3037337871525037812
64,23,8374831626340722404,-6613684904428214041
64,24,-2447579457425913722,2268310696553804034
64,25,1777155586038133142,-6408132025947815996
64,26,4661793748986741071,-7390534425052139447
64,27,-3996490970721072924,644195996076997410
64,28,-286998561117744548,4268025642823025484
64,29,-4375860667985698927,7778327585588878436
64,30,6284100644472621625,-4664453133922608050
64,31,5835742583083184396,-317856405974717112
64,32,1357723113242163798,398799866260281764
64,33,-6433249070296483103,-6763131351631494042
64,34,-1525331663556671188,-3824575122429278421
64,35,-640618962538735837,-3386120465478108727
64,36,6941992002623117961,207741231692529212
64,37,988712721980503366,7893946677302884439
64,38,8643900192949323200,-3506670962769840783
64,39,7558407263175570612,1048811813726332891
64,40,3874368523564127647,4263809233632783043
64,41,1760213255193320608,6995793883782873973
64,42,3461670970333576949,-6810823161053924317
64,43,7350085881712913377,505906532127717446
64,44,1841802560926217978,1723154571501365997
64,45,-5446147049528395023,-3597248422692479871
64,46,-7130467877632407488,-6634703489033870586
64,47,-5829522227467667520,1435419171250698537
64,48,-4691414558255290567,-758191642411889086
64,49,4429163727091456675,-7520672140906650170
64,50,4615732439874720570,3631037042440232220
64,51,4393468319399381278,5055907829741000254
64,52,7151700219299771731,3046853365283868371
64,53,5837623078848297819,2045531854759563990
64,54,-1210719509507106375,-2225124334317514890
64,55,-5547884287698367055,553954832599167833
64,56,1950576902340380193,1215233339793869565
64,57,-4097608288827798100,-8399940477170386798
64,58,15289841160198614,-6581132462226813934
64,59,4491658003368355662,577115780015246322
64,60,-9120334703913318024,9146977894893141778
64,61,2315418669300518641,8709009008581079882
64,62,4253260818781950444,8521603239634039497
64,63,6533291821198108931,-5266911270946011992
64,64,-826534020133113233,-6288888838389145074
64,65,-6028977481852430052,-5223048631883017416
64,66,-4670186835468712038,-3552505446311137228
64,67,512467625477360011,-2993282708584086055
64,68,8873242419830838115,-6783235142409627847
64,69,4901588658782451223,-2498455645116186020
64,70,4850826850435590405,-7896369875433676068
64,71,-3191596711446523289,6126236631542929276
64,72,6857725143266811123,5951514301702791452
64,73,-2822214183398993329,-653632572463412836
64,74,-6199841375141341271,-7146176068655909540
64,75,-8996098130776241602,-9194944950617570596
64,76,85769166897683810,-7103836364791966087
64,77,-3623787031449634183,-6465266619126999110
64,78,1870193004420819613,7321831129281662066
64,79,-7212953149319983005,941604596819824563
64,80,5842597794679423565,7188927701059221588
64,81,-6179946720943768203,-4363067799257881358
64,82,-7808986138966842628,-5775729502617276042
64,83,4765480629578383096,478012889481213076
64,84,-9035170418872020010,-8360727790668385195
64,85,-1723310258579718345,7065420169821520854
64,86,1655805535437113826,1135751773136898935
64,87,-4579952766014966261,5607652536379125496
64,88,3935171246662648669,7723159053477206713
64,89,-8323666719080774636,8770991396507615418
64,90,5848799983142825643,2848082104558826795
64,91,2616748822349192209,-5483734224164506383
64,92,3866470969196349773,4213580904716525695
64,93,-3547367474228936924,4742269868079224767
65,0,-4818096977527124460,-534493212347201515
65,1,-3491209307707063059,-8009499135689655426
65,2,2017652154879492595,7706167157880929269
65,3,-6113895039634017378,828565158907715438
65,4,-1352326668086009978,-1007761266016528542
65,5,3981760486927754512,8371892958169501729
65,6,-7118699013686706872,-3703575066337508250
65,7,-9198677926094212826,3546968958446480023
65,8,-3915303992062041278,8909369555705939223
65,9,-3919179844692754238,726415009726481023
65,10,-6170445718528207544,5553517195808595705
65,11,4347533353716394079,1963857586438911947
65,12,-197446027463532240,-7188859974244884005
65,13,-2273125053909657495,4922624258420057972
65,14,1170063518032039253,5400666743774495268
65,15,615795226160106928,-2376542562360615676
65,16,4256941484173372764,-8908422535417376068
65,17,-7567052854159616488,-4308201492130423510
65,18,3667608137264797896,-2149232800959536705
65,19,-206676313039187004,8742465363266597631
65,20,-5893564305705179905,-7619389872943843018
65,21,-3575851078977694934,6322050546213219608
65,22,-4147314435163834232,5686187825692265074
65,23,-7195372497010610882,5042455983679264065
65,24,2812965031885938267,-4522292489048269476
65,25,-397131441979278446,4359703111933748599
65,26,7339489485050668337,-5205045360793784942
65,27,-1367642061256295616,-6833971101417365345
65,28,-2710373478048062763,7687671930724865705
65,29,1532706617704780968,8396559307414987342
65,30,-512865297282392584,-621802975974855895
65,31,-469011617630882381,-4657042853120664888
65,32,-5535571123165015185,-6149889974317804341
65,33,7165183917238617417,-1691157130092226626
65,34,1197711444095502908,-8329592476724191631
65,35,-3838924064114172076,-5329332784945625280
65,36,2472178014774000160,-2366116062891077442
65,37,4852403150449519635,7027689846078688210
65,38,-3362544282204320630,-4011646763027439122
65,39,-150007601760930623,3874746539452247548
65,40,-7797431253385998924,715870199512154176
65,41,-2904165400008606257,-917136187048000377
65,42,4954564491304227580,6974389601560510063
65,43,-4034061679984085509,-3296713310378731384
65,44,-9057590906949718615,-477556450423174572
65,45,3245516208642767411,-8925271329447435286
65,46,-860637664327397676,1996611477370451492
65,47,8777590734417500216,-7216956136568313909
65,48,1743023015441583198,336418588205963705
65,49,3916858267559864998,1999484505117033198
65,50,6824125138082285673,-5176689396923008846
65,51,-1805501816592019464,7836440993079213696
65,52,-7281102929226145478,-3339764287266551728
65,53,7559460146675796584,-1318508747220683696
65,54,1493004654339423997,-6150574138767249861
65,55,3918244640159584308,-3789296428980570217
65,56,9029721177257387915,-5121594979226200952
65,57,3413552524649347515,7557406066986216324
65,58,-2264422324383797842,2973391195587057907
65,59,-3018010387830385249,-7455189744240243442
65,60,-1803360854088388529,-8991234911157812737
65,61,3215685185791273950,3492449397443209521
65,62,6206079550271324099,3680908731691629517
65,63,7681370960067774561,-4420821408711233870
65,64,6951930855281969500,-6901607417960147418
65,65,4775773048058718658,-3641695675972553370
65,66,-6490890639748275358,6190459259626612219
65,67,-312938160977400446,-1582148825860158993
65,68,-6071582686372397553,-1395700117397336425
65,69,-2845687264382474424,8432801113263136792
65,70,5179467580437266886,-8163408153189440517
65,71,5703540985666813325,4997240224344193391
65,72,-2267028354205789691,-164480747231434127
65,73,5602812603210969163,7250064603582755566
65,74,4679061634018327866,-6750594720333651875
65,75,-6602950513515934864,667845598398591710
65,76,6535264744543595219,6577603716057248165
65,77,-3777420787408373696,-1258571943462454628
65,78,-3175426758966363377,-5945867084593168688
65,79,7868701456903996008,7339156017540755410
65,80,-6432149514668473154,1067601360703816155
65,81,-2508548993830481178,-6549483406277127111
65,82,-1222393994373135220,4730758319470812044
65,83,4407755461807883078,-8038568226443554699
65,84,4095361201118910509,6763780894856431877
65,85,-8475846620731478036,-2662312155414858542
65,86,-4467034854402658467,6953370434174992854
65,87,1565290424633586583,3989133341105825537
65,88,-372442447746793483,6927389264416816287
65,89,4535628226780156813,-8581098885981744579
65,90,-4826420088284686640,7661354986194614311
65,91,-6983462308430745643,7660939450905559974
65,92,-9125782540012783956,-2802711595543925431
65,93,-978856924089709310,-7033695509366690573
65,94,6698119460801715070,-2290116789983521239
65,95,-1258260044590691397,-890262043563569219
65,96,-7430544536719376887,1263647716415182206
65,97,1757071744928756261,-2179837691921691649
65,98,1233006639074172157,5803255335338374562
65,99,5962986204835191359,-2879829514966626698
65,100,-9056337111680352937,-6031815981155609524
65,101,-4437285093748046908,-5990150164243568588
65,102,9157624698356801394,7718712301261766912
65,103,-8001503026186344894,5480092392481149696
66,0,5926213781955995808,-534493212347201515
66,1,345676966066762750,1952097029730808258
66,2,6928010764093094633,-1238629859903034878
66,3,164295907625269984,1491605329562952360
66,4,-1489746306002901691,5479404750796861936
66,5,-1435996093958805607,5565660412955326926
66,6,-2526370172692599683,6284522056587559949
66,7,9096281968592593572,5705733136732453832
66,8,6911254813823161760,415829492988806538
66,9,271607790575446146,8038173672660928846
66,10,7715005134243586020,4185595890256568758
66,11,-1444376471994553474,5378608120384858339
66,12,-7334850275568577930,3459653804456166452
66,13,8006353731632759794,-4702353024046169026
66,14,988065669275810399,4687327275189807599
66,15,4894482033912449220,-8067604484816462603
66,16,2836030737660383481,-5498444244382457654
66,17,-4790065572968012878,-4479416963149131173
66,18,-5805929048201691799,-1048036951259042862
66,19,-7650314568658786022,-7360798854683636135
66,20,4303997229761476068,2063483464558699448
66,21,-1501819535990616571,-7918179251343601500
66,22,-2573495539133354375,-3535807592014480825
66,23,4944111033002563095,9032912269171188714
66,24,3176010585691606791,3573036607556050590
66,25,-8594365610243479596,3880117204774046077
66,26,4028024537822793444,-5888366161618144380
66,27,34371613415552192,-182889832388120039
66,28,7650132444062030572,2798602118779248566
66,29,759664449899060341,-6956612115289806115
66,30,5395371662804611582,-5459438963331221751
66,31,2698219169051648476,1927015731363552587
66,32,7680100652081320410,-1377714994773638405
66,33,5562736796791677875,1188102885740518769
66,34,7059407290952462232,-2852750739289469550
66,35,1158401528491345572,-5358912957118424262
66,36,9132857692178302860,2089590407630202929
66,37,5741644500617488000,-4270458427567492103
66,38,2313328776110774888,-2735123139032203950
66,39,5913359440266980912,6543073394616006588
66,40,-6609401715030826784,1500399559879276607
66,41,4197883022753788370,-8334935833299673448
66,42,-5950850611979763520,1327313181579259565
66,43,-1191277277734634535,-6536480334139463181
66,44,2899166710795689711,5088790478197406358
66,45,4887269875634819536,-6344320509681809628
66,46,-4990825114922407832,6794924853707512345
66,47,2999104347880815667,-5018362912974593379
66,48,-1425414515493943711,134618252224493058
66,49,-1619717626087846755,-5141153635623979397
66,50,-7012980870544849725,6139434365136516759
66,51,-5694867365862305500,-1026721707812538701
66,52,4071897098531202331,-8192877780761594161
66,53,9026410616984742332,-6833562414598898076
66,54,-6458567973211991552,7157897538378025447
66,55,-3356708106196083550,-7471547185216525801
66,56,-8161591745425452142,7589496400930269568
66,57,7603218496738110800,2461550656822770900
66,58,-8456352321699130282,-2739056408648633970
66,59,-6412877412636079400,2041841635071743101
66,60,304708049936683666,8352479267998465810
66,61,2228570548359080588,-6955028956404379048
66,62,3492647725646698774,1678427284202622436
66,63,5937463803616606754,-2822554191240085508
66,64,3099967537434823432,-3621632642520051686
67,0,-5830289151573530936,-534493212347201515
67,1,5707164153313543745,7752771508600678060
67,2,7445613165081275116,7383718149005789980
67,3,2376616928793717205,-3328125452843962176
67,4,1227415203599167301,-22311345451043425
67,5,1169727097248756386,-8699188855863130905
67,6,8835684444442013869,3877070030523838562
67,7,-8393637603639312479,-2980226800136423628
67,8,-2413957203202754752,-6815577433610013163
67,9,-1341011071413704413,-2571827603327464328
67,10,7836294618800129385,-1878445849035747671
67,11,6608249031299685599,5972542903096664967
67,12,8226256671182176125,-8459593739215791231
67,13,-1603772188456228832,-100664931631870800
67,14,7297552608388987490,5213339052793174778
67,15,-8485410963522852971,5067416845633692695
67,16,-8988021664324599645,2790854309635116395
67,17,-2003846248432998860,-9121925585558198942
67,18,-7276668233276327967,-6328589809826759582
67,19,-1691232400424671359,-872199801006848308
67,20,4493901499453540417,6280204342263627001
67,21,-8547529033811103194,4187785349127843560
67,22,-4378402782243191874,-1833454082747992937
67,23,3536079092985845292,1936655342352173506
67,24,1067260960480246374,4016114931801306712
67,25,5980371012699276083,1798904864892067214
67,26,825767821314200641,7764131699368066603
67,27,198753750230861021,-8846508500245446513
67,28,528713448130174749,-1699338087063158629
67,29,-6674581204308075121,-7021639576792511103
67,30,2465728698679832208,-7930029245987004713
67,31,-5025962270229446244,8302875088890037682
67,32,-5500591821182578003,7308418802529253384
67,33,2238524408831442788,-4306659046879820164
67,34,-7275916536381944349,2437581038416489147
67,35,-7210565600896314350,9181821123712798458
67,36,-1386505832482295342,-3004674627889928013
67,37,4819061057686396943,7921640952517679153
67,38,782344381480298375,14267199984624985
67,39,6520101645485872534,1362849057937132727
67,40,-7121958250955264293,-4566819338747489192
67,41,8893153828857374031,7950256338277440505
67,42,-5438876945602472020,6920529834339907114
67,43,-347444240710075977,6775035298521409371
67,44,-4464133208734399762,-6509512841297443861
67,45,-1971117898130292785,-1006415898966194422
67,46,3684039094569161890,-5253490564268675472
67,47,-8540603832566971007,249606378062573967
67,48,4883221182187750332,5752703320393823406
67,49,1722412623442304088,-7190943810984478771
68,0,3879794572826462967,197485829428827987
68,1,-411908434796779125,-1984568393057955531
68,2,-6388313835272329486,6325404254075582465
68,3,436813740783684184,-5042385262179196436
68,4,3321579483988814759,8150064102771252651
68,5,3746349370014859542,7025330314085912365
68,6,-4494490530588189115,8877326581433929326
68,7,-5365177852418102149,7593505816939696792
68,8,-1590840436265915890,-6049994594547033616
68,9,-1696081450877162782,8641351328778793898
68,10,8312168712104368496,-2808723756123856051
68,11,-3188605107367787654,-7090555079550811785
68,12,-9102704809890900982,-8402482415379542139
68,13,6226066233927763313,708458389463560275
68,14,8569514877555207417,4175650861184089073
68,15,4689230563859116218,-3070064755548335545
68,16,8292256427070370260,235677734944947951
68,17,1511905010703808751,3691709179119208772
68,18,1756292609062788142,-6835015589112860543
68,19,5248822253646880603,5735903297510177682
68,20,-3783126042224872625,4603041897347991217
68,21,-1874631160050749674,912358355316328461
68,22,-6092983563455153485,349153721858487625
69,0,-5472801829489917920,-9066940600089484188
69,1,1408553787534169096,8796288473011044388
69,2,6027447068756383162,4632989291019659963
69,3,-4853694354664311746,2144027464836014176
69,4,3416113908473536946,2405754547926744801
69,5,3578744739217457248,-1611025366610461623
69,6,-5157446250377057290,2151017727944451212
69,7,1153852739762310892,637471009295016531
69,8,-4757574618386323890,2380772316280467868
69,9,-1867345691991806830,-4875293972783059860
69,10,-2517646236358165308,-8445173074833027547
69,11,-2410799444544782856,9113465812532875595
69,12,2535431815152938151,8225360626189227121
69,13,-2247968109557030353,-2620142044103062298
69,14,-5543707883671546949,8344933381461828655
69,15,4769469358241443777,8673558663944310914
69,16,5996348265009948318,4273961982115821210
69,17,-5462600571401911283,-4636808464760305441
69,18,114722926747641216,-517888097781999364
69,19,-2071179801850672504,-5632602471606663306
69,20,5386861718425495577,8383187696096938337
69,21,-4518549699227221045,2426357217811141322
69,22,2143362541339808751,-3373549706976125616
69,23,-5172753283414025757,-2436868024597416211
69,24,-1388684279591507185,-190855931906024433
69,25,5797864875396318575,-208683473572601429
69,26,5039413237944331506,1841178824615611409
69,27,1259388159577610797,-1848122571417473335
69,28,-3711811251513277577,-1438172166410990829
69,29,-6533792319947228489,-8058923400130971153
69,30,4905937321318505385,-3147962820140882076
69,31,-116854171603976868,8791436889425531173
69,32,-5236743353796128247,-6932898004805068513
69,33,-4912010600763488923,-5740478218558970999
69,34,8307395411405901110,3035086769424318963
69,35,-4094626164430977923,8971255777571508401
69,36,3283746749807338362,-3873075745172250115
69,37,3527112988812459314,7269340081690243993
69,38,-2715236863622092617,-228610767389246238
69,39,6753059033082194594,5256379081868266113
69,40,-6604434396165247243,-7529607369033652716
69,41,-2123418244170949990,-2754777394396459654
69,42,-4886826762741144395,1407305365697536300
69,43,-3349073935734040303,-4721327183585260258
69,44,2633100808819029833,-4650283217318079643
69,45,2784514417797950810,-6336533315129569888
69,46,2715076971710758130,1188177799502269236
69,47,-4843051417570191409,-6613639295802815438
69,48,930865851237633713,2086958032232971340
69,49,-7086376029342427444,2999449741706430264
69,50,1721173140245618416,529013557600314463
69,51,-1664967406910607366,-6997853286664388017
69,52,7289822132040934547,-7885958473008036491
69,53,6584079237587507395,473618014710387396
69,54,383906018973921554,9188357182055459439
69,55,7849704742620677932,-7793344022864588452
69,56,-19985988858832306,6293675910778657144
69,57,35012349999372934,-2043873916802456773
69,58,5205140847627102416,7209215374568023974
69,59,-1082213977155477355,4496387952718922713
69,60,3375397076158476163,1901780826294580262
69,61,-6628464265961855140,8411554781221214459
69,62,-5961883349302884840,-8747297579463268758
69,63,3254689910779844640,8742009465008788509
69,64,-3991565123841768745,8260564099982011387
69,65,-631411807898093857,-7650999387920224802
69,66,-7598435685999102575,4584416707702795016
69,67,1893657507701305849,5685713393870698172
69,68,-3777206083408072799,-5233413671005945596
69,69,-6490800742446823249,3525905327125098831
69,70,6764860808854235410,-7010589878408934765
69,71,-8632453279129213608,-1830390943832547368
69,72,182534424563498269,8289349039678123217
69,73,1706147452928843645,7149088017703502740
69,74,-2821700461482708006,-9218306463543410100
69,75,1068795928852025043,-1157476563525330048
69,76,3835901331222090186,4179143662971554630
69,77,-1997094114177412223,5939805451039600311
69,78,1888970054356895698,1698585643782135436
69,79,8067735954018655664,-5663073720782300649
69,80,-2380210410506502027,-4508088303387239571
69,81,642546813527458150,-1866660195537777968
69,82,2378912084419948432,-2470200037735986547
69,83,-5914436502112909986,5292301619681475318
69,84,4594303829930913868,6342538634833537507
69,85,-4579202366600571524,2704876263865715574
69,86,2713285165467127556,-2197507467201067262
69,87,5614546334242116514,1428389586037278775
69,88,4875682421372840221,3539052183773593060
69,89,-5495873721006085308,-1579052627255888920
69,90,2132666650117119395,-1579052627255888920
69,91,3836908913623383810,-1579052627255888920
69,92,7325252937322158212,-1579052627255888920
69,93,-3490061120552263490,9103984536074830552
69,94,5665878659794813252,9103984536074830552
69,95,2455337448591265800,9103984536074830552
69,96,-8497160884167617703,-1579052627255888920
69,97,-199628279549845418,9103984536074830552
69,98,-1129923389456000813,3097388242087530381
69,99,5107288276969140536,-1579052627255888920
69,100,-3493048925981015461,-1579052627255888920
69,101,-125697606115190728,9103984536074830552
69,102,-1643390884550275135,-1579052627255888920
69,103,-62061734759866542,9103984536074830552
69,104,-1779386252329388609,-1579052627255888920
69,105,6198749976851714996,-1579052627255888920
69,106,-6690082516411734857,9103984536074830552
69,107,932293780549916450,-1579052627255888920
69,108,-7591816935592832611,-1579052627255888920
69,109,-8969454191111111342,-7981049626803109973
69,110,-496728394949142086,5717700433769936594
69,111,8183446305100764803,5717673994147775923
69,112,-8498199841835312883,5717647554525615252
69,113,3098867095134182888,-8486984742370869909
69,114,-7320938072240535626,5717594675281293910
69,115,-4559581616691488181,5717568235659133239
69,116,1829548221588336790,5717541796036972568
69,117,-5499368675044532739,-6697902458629268377
69,118,5563789690414833897,7808543656330357210
69,119,260032531684751490,428007545016659878
69,120,-8088394662758423978,428007545016659878
69,121,-6621985363303555420,-8870492486638887265
69,122,3453884284768553586,7808543656330357210
69,123,-7800102591366468809,428007545016659878
69,124,9126563927686070201,428007545016659878
69,125,-7720870402375565116,428007545016659878
70,0,-6121726340278678615,2104876380417908868
70,1,-7010201010990613952,8172117621408532173
70,2,-3319189850247028190,7727522569767480426
70,3,9050166036410344667,-3453022021536142574
70,4,-7623095607262153755,3028010580262717315
70,5,7035627262763428799,-2177073540058409472
70,6,3687577581374872905,1798535464292053800
70,7,-3098346542572718707,340576025484238932
70,8,-2733997204415380236,-2769844064009388105
70,9,3058930150008509797,-8562787645584090910
70,10,-3411146182449257384,-5792528120241365558
70,11,306753191766406905,-8109199686639052332
70,12,7100114181292202999,6108928873531457454
70,13,4291217158483458779,-6087728246019196717
70,14,198829701167937384,919186814793074886
70,15,-8727977472722510588,1659068482037085639
70,16,-4225092031042627639,-1980265539933550938
70,17,5643218030863422912,5931866222155812125
70,18,2505456357604695253,605344868004357948
70,19,2175967182988668952,-8423006798648510820
70,20,-7454352226166650984,-4144778537198669927
70,21,-2267700818808291369,-9046460269271994283
70,22,-4770894822631389320,5090450389149705386
70,23,-6806426239231051422,1361517164545624223
70,24,1620708429176999339,1301918828648923637
70,25,-6172273184532515933,-7723191054294068114
70,26,-7370795991264277323,6020226422574363048
71,0,-6421401266878201594,2104876380417908868
71,1,9074573607490196924,1627296540722984388
71,2,1466246716857571081,1142756949382388676
71,3,2401903303270666045,-4291804296096024956
71,4,-736287998793773825,8382963387296217481
71,5,-3717802897772558321,-8138715864080229673
71,6,4882143662990024722,-9157527022628596642
71,7,3733087416477103341,-6812014585722385443
71,8,5081846441446834088,-1365779801179866762
71,9,-1443675529402702610,6959908304480544051
71,10,-8983470354313965116,5588677483225297551
71,11,5766011021297773507,1580557224742270473
71,12,-6005381599344029853,-442358237467374733
71,13,4478036367747455743,-6806509571409492226
71,14,7760197891294398511,6267764705940729819
71,15,-5148025634271981403,-5025322562165153240
71,16,-1609272600542404485,-360821428829310952
71,17,-1649939065505115755,-466717121860676747
71,18,-4564979363086874385,-259102888633299353
71,19,4672234881250795039,-7759205216883597966
71,20,-7605406646610171631,-936472543415376972
71,21,4379942535402839405,-3812788082345534238
71,22,-4170860547781460772,3928132790988085578
71,23,-3546247442099439894,-4273774127494697902
71,24,-8481920963093150138,-947589735419877815
71,25,-4192569784007156998,-2295995460906531266
71,26,6681995640848504675,-3316080217708092300
71,27,7555707832110409708,-8907187142650083431
71,28,7332114243779405663,2936897181094271507
71,29,3090332363609552945,-7405150089536192824
71,30,2721457723262940920,-6163519127063291932
71,31,-2689165543413534208,-1632616968096927539
71,32,-4557518228612879264,-2614992927579092241
71,33,753375639752370061,-6485539211893969614
71,34,4453291198404491947,2751638711478204206
71,35,-8285810817402542450,8705951521592247708
71,36,7868757217183401491,4080773528815290626
71,37,8755389567201920164,-1780910796936633047
71,38,-1253527350457964910,8387819514908620941
71,39,-4401123168084992851,-5689456965197985826
71,40,2475606837245643081,-748656350316152552
71,41,-8294411460979778909,-8761553686012983971
71,42,-6733454110151463710,3972753622244094310
71,43,-7829038856574125955,-86726326503540866
71,44,6808035111688433052,-6819951517827995839
71,45,-6330691729183565748,3786837997115208463
71,46,6483776982759351448,6815251038398370559
71,47,2503509587530930984,3197266408817939854
71,48,8857654325002554732,-7348836824148650634
71,49,7602974333524137796,-8300154905260174940
71,50,-1459926281717624845,6658453311030791831
71,51,-2457096762239437214,3963076075292726395
71,52,5725158922653824644,1631349099501595803
71,53,-228629335203785735,127691599973829148
71,54,-6286402489371567906,-5369395514567632512
71,55,1905637490835887377,-7946892754626671591
71,56,2681029169214473331,-1989727837317889766
72,0,1503276810759514154,-534493212347201515
72,1,-906612219119924044,-5610357972283402747
72,2,2211042077578105816,-5610357999796016858
72,3,2848195313705008905,-7868771507909500691
72,4,6305228215806142373,7449738987069140170
72,5,3332027601429066013,2287990504333448265
72,6,53940682538845618,918910402633784739
72,7,7672537194883638422,5274231863746219826
72,8,8906434341919179306,2393027492372471407
72,9,-189888836410535151,6820266353137884085
72,10,8935442304657077350,-6654391384399336972
72,11,7256745437396787205,-8503639525752097642
72,12,7037166389046225474,6543779212112182421
72,13,-7391585554776686164,3033981135944693865
72,14,5719409713785033726,-1989623295821981435
72,15,3831783121243439576,-5343299350254174237
72,16,-2416594090316285336,2126145424526832571
72,17,3706858714332495159,4849312230739518285
72,18,-3334811966945017593,5560235463741422247
72,19,-3484103995426036384,-5203307595974742078
72,20,-8392408254316432283,5022798201987298669
72,21,-2734028063554232314,-3958970777624914922
72,22,5046399944477517751,-8592541985639711784
72,23,-5376477844096764533,2256513702586716370
72,24,-2072042300513320879,4250525769130858259
72,25,6472139619966051580,-7653581910986214766
72,26,5277238644909665572,-1110945517393736175
72,27,6258287916914940821,6574688002467098287
72,28,-7967713699650823563,-3291989490046635094
72,29,-1171041281690490289,6243283431180605184
72,30,1716862783981050309,-6558441199599745016
72,31,4796234019663400117,3725638871292423771
72,32,-9181002662100029700,4899637731624645487
72,33,2836193666277774598,-5843886446715658362
72,34,-4259922497132901869,7330581538162843018
72,35,4345280924768683049,-6401856691769277555
72,36,6600251835673984674,553029566655367879
72,37,1849314093986858287,-993967027011506240
72,38,2638748159912564246,2688298081584719829
72,39,6121136553523417934,-1508947602667526536
72,40,-5429051786866337755,636535437511975841
72,41,1230029416272090360,1672293082891405794
72,42,3399034327574535924,-5008909450100173089
72,43,-1970469328492152158,4362762359902270777
72,44,9092247113046029713,-4837984076265627921
72,45,1585976109349531079,8969171799036400218
72,46,-2590189167835798944,7324462402175868717
72,47,-7996988722420762335,9067422686396300936
72,48,-1482142503230659718,3324003550699490706
72,49,-5773386792989976260,7773248087851074463
72,50,7023701098006669652,-3830065370326732035
72,51,-5335415640102859635,1486862649273716246
72,52,-5600441094518333869,-6400334751612682011
72,53,4104348756633652717,-5376121992508071338
72,54,-1956553267436997789,-2570029782047363372
72,55,-1862743914571621439,-6683855606490320432
73,0,7597168829244112354,-534493212347201515
73,1,-887678063798522873,3552462927011292998
73,2,4629498777416796088,-4768474364532933507
73,3,-6690104154361442049,248096543942928967
73,4,3475303116839564016,7000876976885719290
73,5,-3137792629168371190,-8356076181354336392
73,6,823982411388180604,-3122824701850371490
73,7,5045845829193399798,-1379864417629939271
73,8,-6460701498954203571,363095866590492948
73,9,-3044753719288351885,7208612637672427910
73,10,437730975136866152,-7656816868195045973
73,11,-3558017319758594533,7786573697543509379
73,12,-8310063730547467442,6804171298439185928
73,13,3497260661532467615,5821768899334862477
73,14,-6639404344833503490,-5354115182117095511
73,15,8192863421426056921,-6351470021688999711
73,16,8673517872010152879,-7408957262301018938
73,17,8534895904991932248,3260911215045130332
73,18,-8122178584393128726,-295915999821041983
73,19,-6369500240858759547,6578828105758178327
73,20,-5407859629736197251,4651672774590326358
73,21,8076994428420236445,-5226152910549171532
73,22,6962109149906549839,-8480575568055306265
73,23,-7028411272348654618,-2513580591794465367
73,24,4996433303402419852,6645759299098818840
73,25,-1531399721896847384,6896400617644603642
73,26,4802677272847080036,7707084784350172848
73,27,-2315171585664908887,1969109398384380826
73,28,-620924402160416248,-6306659682335927712
73,29,646009805585680552,-4355433546350548375
73,30,7090048095558961448,9073376103842275515
73,31,3457957902942061789,4336531990270720650
74,0,8690294469757285523,7105009313054446500
74,1,6604038943674583941,7475023670862352409
74,2,7783806777214065072,-7057747195495995830
74,3,-9092461824776010522,7012605669250428079
74,4,864101493411104019,-3317841848148402418
74,5,-7181716824106431433,-349118304404100684
74,6,-5128545806856605274,8916220724589453697
74,7,8204467892202548733,440240047377915526
74,8,1987469481175748410,-4663019071153802178
74,9,8068834076100999507,-5629262313008250658
74,10,-1515737364797542112,2664542150447950121
74,11,-8615684794988527972,-297693089612253888
74,12,2023804662445349898,2309826326616669000
74,13,8969926472438233301,-4490574153201012388
74,14,5909964541153187064,-5623718510609666586
74,15,3768945522903162303,-4872287039562010734
74,16,2593523842456412456,-8504293795134368657
74,17,-8968574564729390953,903308546274087073
74,18,-4485304325490269208,4503254471771604058
74,19,-7606924414245014396,-5436461723784025985
74,20,9003202120429289928,8909502758974948403
74,21,2214805351916288312,-8017897510034719449
74,22,2687482667821812799,918398034756759704
74,23,5647036273423098741,3313801526357386614
74,24,-2076605719035536150,5709205017958013524
74,25,8621895120552176441,-1907375603343226043
74,26,7089822388767743305,-6954719200092652991
74,27,-5821203725166416781,7036740752884270532
74,28,-3964925187688898888,9090567604907385110
74,29,-5876134486675281680,2455925423394931438
74,30,966273407692007176,-4734472767422285261
74,31,-8924388680009030189,-7782450763270031292
74,32,-5725625909844145689,-8365590739229484964
74,33,-3509153185036832096,-7962814933699244222
74,34,5614700007607585559,-7640928717896201068
74,35,2128006742211312796,2851219696429210492
74,36,-910026152267893785,-1803316875140146854
74,37,-4119259389958357386,4618609235643075798
74,38,-471810622501445546,-6535599596911758983
74,39,5580842343990420502,-5847190457380940282
74,40,8520124006486579524,-8558394070893716191
74,41,-2338539239066858991,2007796218978629141
74,42,-5616370005352504995,-1350743440775614350
74,43,6657105173270493576,-4668609762209730293
74,44,-6504460302300190217,-504855035916368518
74,45,3144462923531148878,-83604046116255778
74,46,4093254030362842613,3833514007302299332
74,47,2753067874714728746,8122189439719409037
74,48,673959371629434614,3702155412256577038
74,49,2280293798545722921,-7162765501375717115
74,50,4708951667712492122,3038991845484666323
74,51,5107017803870426922,4002572977806446978
74,52,6117682919223797059,8506149778827461216
74,53,-396175255692818927,4779409595912980786
74,54,-3735211657882560493,6079434740514345286
74,55,7213006421975680724,-1944155933188362171
74,56,4315015513571416612,6164130413524568498
74,57,-7255952032223599369,-3498596527114509427
74,58,8407180667855848503,7544139028903722803
74,59,1985382981734805123,-8810438290880481360
74,60,7634188167099552302,-4438099818691650484
74,61,2072097880565009247,756375393300234344
74,62,-3414021744787103771,1857595163260011938
74,63,684172783609352601,3907483901070385447
74,64,-5083308370224659016,5957372638880758956
74,65,-6009898116906546262,4040081889506773932
74,66,4879483338366746611,-9045951044185522601
74,67,6354030371408165665,2982850387464320826
74,68,-3365802307346746857,6443860412273615974
74,69,244139931451115300,639932778064383236
74,70,5405520191775282510,-7622638256364107037
74,71,-504672452166205586,2561534782916954306
74,72,1003050432245667989,3490766599930866690
74,73,-2809907763381107460,7013523986097308325
74,74,3852870310100810347,6298358605566115025
74,75,5141302080073893258,4703500744598513678
74,76,-7303330423500124731,-2035969099684229937
74,77,6166157945818538885,-1227586740809334830
74,78,-3293949685150401964,2533622877689295260
75,0,3666403512906798853,1791862444646962562
75,1,-8032862629111485797,1791862444646962562
75,2,4470743477455315612,2470761967670772176
75,3,8630750037864520450,753985705048638733
75,4,710518538238176353,342151766440702121
75,5,8870410131618086670,-2379055557538725903
75,6,5536142955212694219,-6256350565657557248
75,7,1283340788804728637,8181269243964220004
75,8,-3847787276930229862,5819019272463554662
75,9,7061076382540701811,7272355690421959769
75,10,-4201381114983682794,6636492969901005235
75,11,-1310601759782595857,5487744026969314058
75,12,-526723089743552264,-2844623423728838697
75,13,4460782389213312412,-3121958751498857775
75,14,6982468971857306160,-8704141674200413055
75,15,4440531610147729303,-2775454803154216449
75,16,-5267126030467390844,7657496146405168406
75,17,191357644560755361,4324443604904174618
75,18,6160177621935019992,1692145791425440112
75,19,-4243361552436760419,958051339121412124
75,20,7266446604311003952,5982685995489042049
75,21,6413644320862374571,-7137262153999017407
75,22,6770837621641259031,1111830505189486414
75,23,8471869275357280648,5332402584794244786
75,24,5483552182858203865,2552529159986179772
75,25,-1652763228602530479,4649649713048729320
75,26,-5261012738696340283,-4915098759678804221
75,27,-6815108444722898385,-2832644823311770085
75,28,3814489610595573174,-5758425077924351258
75,29,-2855627025461883931,5975803647236330007
75,30,2455182889802039572,-6912009058413510366
75,31,6600557927020372088,-6094556066632034828
75,32,1948579025825877946,4329473274233451113
75,33,-2777537760999928061,1593518016728183344
75,34,571055411892794997,-5055819348668472319
75,35,-4327611209511713888,4436843086454047255
75,36,-5157987573481443613,-7124786008552262892
75,37,3763721181268368744,-8055752496840673832
75,38,-9062378996450417258,4388194255792658396
75,39,-1801656280502266632,-9167062742031204736
75,40,-3698825720990294667,-3376056515457366227
75,41,-2396616565778963853,5519430018275791899
75,42,-330520001484173717,-3191598214574653547
75,43,325704870109958857,-2049814245065665359
75,44,3218229833492724377,5694818844351968593
75,45,4496162823179862942,4743895937169897885
75,46,-2713251639082915844,-4770192650919314212
75,47,431981643055006333,-3548920615365193945
75,48,7821300428747084971,1087326956224337561
75,49,-1872946572929727499,3934343308641185777
75,50,-7133990249189352229,-2075823573764409720
75,51,-3886041059286955444,4951060527759318333
75,52,-8686793749222531020,8741040522041068544
75,53,3532216835274075592,-3299841154438611024
75,54,6954924904518935750,5466383925866654218
75,55,-243266588944119708,-3859958031497957176
75,56,6775866799103031714,6341751264198262358
75,57,-7159959792930003332,6523721495713555629
75,58,-1194923270876048476,6777204265941105171
75,59,3715029868776598680,833431982087998401
75,60,-6055768197152014656,3508796416921744257
75,61,-3984903322466626700,1529899745394824397
75,62,7125257924251515788,-8873065814184468774
75,63,-2740532543623176764,4949741299810967770
75,64,-2592245932837181644,3517083888140140282
75,65,-2747975957282267876,-666180058128363768
75,66,5790709140871421128,1642759357248550588
75,67,-2747975957282255476,7214381500209787770
75,68,3965804069287841284,5495363878616965062
75,69,-2747975957282243076,-2534881777513256167
75,70,-6055768197151952656,4398895114602232109
75,71,3715029868776673080,-1507648874873448614
75,72,6096728176493436067,5177021327299132998
75,73,8173020884586352540,3843321517146855799
75,74,9221318371778317824,-3977785363511751561
75,75,-5739746246495376916,-4697990861007301961
75,76,4319759016319773372,-7239391979921098626
75,77,2058246300984722598,-1484313545315531180
75,78,-1537094843863276492,5595581206541210491
75,79,-19945209943178811,8771611523010176220
75,80,-6448246739680057504,5016500178352954589
75,81,2778075529050857754,8006395273296860505
75,82,5983273851739740169,-3707545580471656999
76,0,-5790547466338638057,-534493212347201515
76,1,-8382152499558053934,-4525412988612713151
76,2,5235962688403469799,-6023513434656533982
76,3,-6249730758109812124,7645354861335814239
76,4,-3020309734182049028,7310593068660683120
76,5,497864068285462822,-3038451509992791012
76,6,-609988439583798211,5149895924213747965
76,7,2270127655724766331,8012655287035850811
76,8,8264721361487737280,-3556431491425655614
76,9,-3477433436031551597,6155939628586516775
76,10,-6997861210995956307,-7606376784888860981
76,11,-4007444396294049274,-2066584281100323126
76,12,3976945556310823377,9064156916133393687
76,13,6120207351124318858,-358719422585109654
76,14,3243369771334566999,-8075120752976399671
76,15,7272473472241349701,5695606325335913952
76,16,-5686993215358462968,-7673724787665312366
76,17,612472330549486275,-5475386274842128975
76,18,3163329972151284902,-288617637880547063
76,19,447191952821181681,8367957477984564231
76,20,-2962351912292301875,-1673040726040206015
76,21,4932350428548774276,3644819461196052776
76,22,-5666762331304401388,-7611039391379399904
76,23,-5011704822063773203,-1450516931755284792
76,24,-5135160115970459976,-9050084196234743100
76,25,683077035947002488,1797092612995350208
76,26,-851036815948824542,-4493896012870425938
76,27,6772419978717332315,-1699749232093370055
76,28,5064254159531737758,5793241909158111723
76,29,4718021955292096592,-4853157625771808700
76,30,6543898850131579979,-2935241420788659288
76,31,6191139960237021033,3157793516123431344
76,32,-4592974608704341383,-8213835862987493526
76,33,-2267492966404556053,-6387127618531632994
76,34,-6756788761901104926,8286181089443882507
76,35,-4708003334863990354,-3598713370541686050
76,36,-708480300397085640,-4965563558058260849
76,37,6492271784789020034,3945537134213595692
76,38,2373354236043833295,-1233610602162236316
76,39,-8280936842510165568,7787025414272185185
76,40,-5994520537520307722,1308994746669110143
76,41,3989062408414656245,-3023415820299201879
76,42,565342451764138196,7205726776736182803
76,43,8603233136261079495,-3200375292403078516
76,44,5097704153424218467,4857080504908183116
76,45,-2502087647624051976,-4629021449322061479
76,46,396464850613382014,-467589172740035186
76,47,-3697073260195017751,-8498341810913994727
76,48,-6072706402953216406,-7724972473735870188
76,49,-835810375522135927,-3531725929922235462
76,50,-3654382665622434863,746156027069459213
76,51,-7416753694714129741,-618156351333882830
77,0,655547478807539597,1791862444646962562
77,1,2991668895970714523,649129042010011580
77,2,5065073654713626646,3042379869967639709
77,3,44903644207465144,5865667715869831177
77,4,-5558968539781508679,7317372054151906810
77,5,8011902425295701831,-2169648635197068391
77,6,1660141592593095802,3129169506037858681
77,7,5553493260742332339,7623139638366783375
77,8,-6012879016414635886,5356390898249692501
77,9,6800198843678923767,-287566160904993021
77,10,-8137547927355276125,-6639841265395967192
77,11,3937910025369880692,5454627703822610253
77,12,-469526169917328167,4144997846920569497
77,13,5864388451614208172,-1326376402133917178
77,14,-5071901690368874651,6358167647337722070
77,15,7058329761833034329,-5690165914352007703
77,16,-8648143764148642982,-7416775102673350444
77,17,-644742876037863220,-946014080864743595
77,18,-5580556936459669035,-4214566590067850939
77,19,-4412213833991136091,-5292463590142017308
77,20,-3462203825606679152,3469249980318029797
77,21,-9013125546543428203,8253914285340548386
77,22,8333393611265743950,-5435294731774800310
77,23,356552530043408036,-901767668396532626
77,24,-1398480942477964889,6698808683037213488
77,25,8852501371869320068,78057449317233164
77,26,674774863467413589,-2633815318317474802
77,27,4205577066039080789,-9197919335532153256
77,28,2508985251461773246,-6259663412221162506
77,29,-7809797640897636955,-603289945231813797
77,30,-6435007265782867469,6076999753973939883
77,31,2830757395049408488,5985999652792355707
77,32,-8393784221772412588,9120981607351436533
77,33,3284962767912472072,-3478775234491529186
77,34,-8245082236560793653,8600052947417789851
77,35,-8812847415733526135,-5511750232445246579
77,36,-6770125405705330951,-2372761429134087956
77,37,-7758145200008514928,-7121180462957619669
78,0,5670219651609598974,-534493212347201515
78,1,2292051995971225714,-4525412988612713151
78,2,3484634607547516832,-4525413016125327262
78,3,1175895962714545675,-4525413043637941373
78,4,5529276997092545588,-5286394517505358283
78,5,-8134191532461389394,3950267780495425492
78,6,-5370291765101584858,-8399932712802630645
78,7,-3408511268048665937,-2050400987665444775
78,8,3454874206615732779,5852873893165162234
78,9,-9005636776871545569,-1888700800786044001
78,10,8633100896085902745,1116976260866136292
78,11,6015466325047411910,5792418165869125152
78,12,-7531455200409360198,2773969970835649589
78,13,2279683894211669501,9198094616799321003
78,14,5063571611694846743,-3200579100580316652
78,15,-5506469308111917921,-5193602421432309294
78,16,-3415927808296908065,-6731119067834280675
78,17,2308120241438566538,6144057054987748153
78,18,8805480604671648653,6387134768667192240
78,19,2636084154985155726,-2843857841032379737
78,20,-7457060839175220394,-8644754178115768874
78,21,-1225413218886080078,4691023649302526695
78,22,-8917210058262001602,8811681544747829586
78,23,-3462279863787545638,-3487862014327191821
78,24,3933621276468460459,7552397636842711987
78,25,-2438292591065087571,-6166277281398400815
78,26,-232392781567273087,5776187264155415039
78,27,-6573022672931883487,4489857444551443896
78,28,8498346950284805979,4452387543856440364
78,29,7971398259858999774,4592904222601373542
78,30,4804868357867247227,-5313536917630506359
78,31,-4332349230701836327,-506390893516807574
78,32,-8536368979311548,2991440305630048329
78,33,-8842987369503129050,-273072199972180583
78,34,-1201772615991393430,-2086239344119891214
78,35,5496135302012027110,3352946969418632763
78,36,-2778169333659646857,-8992363766401837195
78,37,1552746373018402094,-2244951492603788673
78,38,-9205421100421215016,-7031053612591312672
78,39,-7548371709286475085,-2491859075822657823
78,40,-1547803680418678723,-7861304816166989178
78,41,-2909233128997206761,2688098333504199405
78,42,3530752935640303235,-2879082022313384374
78,43,6691644658824757309,3372707114481906356
78,44,388461152817238625,2484601928138257882
78,45,4636029046816220531,7205048432015351608
78,46,-5735105382129920019,6651462654676226535
78,47,6832306669096704988,-2961956022198759844
78,48,-1004321093597286770,7324235820480512623
78,49,-3280722991218244332,3227513855577868098
78,50,-5489181191017081707,-8835525440894226816
78,51,5942460716601902938,4849259471271127082
78,52,-4128911046944508979,7067766057991478363
78,53,-3851587628610634861,-6184529243348349096
78,54,-3479968353307203361,176561466491099085
78,55,4608936797478153022,2651428865207942550
78,56,9041693112982355170,2238414564398233146
78,57,5318898156042782486,1825400263588523742
78,58,134173359560442663,30827792237847961
79,0,-440245866421055776,-534493212347201515
79,1,-3066095083296880358,7035716120954689045
79,2,2237198694547616079,-5560427146708717191
79,3,4694402378044811462,4696421903143319807
79,4,-8392989370926381798,7363172910780001440
79,5,-5762055492849439213,53133270231461851
79,6,-1589901042271326641,-2654783196515198167
79,7,255773505439346485,-5849245362943727794
79,8,8498995123248067332,8042781799152694839
79,9,-5631037608265119661,3611687123960210472
79,10,-3799891239094929559,-4072583289890669841
79,11,-4827413053779628147,-195036548379102164
79,12,1603740879660446587,-339381463712718036
79,13,-6487009301566999733,9064204844040619165
79,14,4428406786514943974,7185393718781136606
79,15,-4653004676335428672,7685305206068861306
79,16,-6940670945870293021,3727272068679124943
79,17,1128993018392372424,1866232190394770862
79,18,4548582533572590645,-284754757270079387
79,19,-2505284418926466044,3326773791597071277
79,20,7664933440996324094,-3753249658126713071
79,21,3324866442651123023,2978632376596992526
79,22,33337719488214318,-8736229662388853493
79,23,-5645911063227089993,2986427066053766032
79,24,-7993781334364458672,-7970715788468117556
79,25,878694835967252676,-5298677586987133662
79,26,7832156402163570052,-6103318563334394628
79,27,1555846072984237283,-2820743565239915723
79,28,3211894912138071680,-4987822370483202837
79,29,-6217074527666699610,3618628345506875975
79,30,-3405734267623843597,-39070293350219938
79,31,9214928951009009031,3202689114708422004
79,32,-4898227591678489869,1233915733447470376
79,33,5050287376341053926,-343610097602138042
79,34,-870313672789437616,-4996335304796945666
79,35,261797750571766377,-3552209219854778464
79,36,3594871131307202455,-1365241033712483236
79,37,4100287631667643588,1500657462515688567
79,38,-1814802027379058134,1348152398856456150
79,39,-8762847380671526326,-4734015084918677366
79,40,5451483601399392223,-8131909759735060771
79,41,3606372013863193365,-4190699973856581177
79,42,-3532833762480121373,5595807548975942497
79,43,1299897109208496508,-8823157988650076908
79,44,8674510689467872953,2994160767019899619
79,45,2891463825625000642,948472539308366243
79,46,5289574393195580595,1737134390226126624
79,47,2222739639967285073,145771730113870042
79,48,5648656906807170228,7557518120679503627
79,49,5599107476438646943,6421444492384624239
79,50,2422386109367064362,9106923423033097090
79,51,-1842074384249171800,-2192811123638383416
79,52,-7332708675215624619,7104171327135968461
79,53,1807186617271960661,-9197030551991538228
79,54,794208409531308162,3726153979563770031
79,55,-1529009710876498856,2845020126374002436
79,56,-987642503031842662,-2498739254956767399
79,57,-3313479003685978535,4336098127584518362
79,58,-5061022508150274094,-5884851251059601471
79,59,-540911304771428475,-5107499460866317790
79,60,8600201155817204162,7636985401284696979
79,61,7081029842498149477,1707317004600075060
79,62,-1532414979680253734,-4222351392084546859
79,63,-3722875625391770495,1920542845321267976
79,64,5188218965131639689,-3707290250101087882
79,65,-5498914164971363185,7097751216817932887
79,66,-7963102975871244123,8952463168596068697
79,67,-6282017971356009979,-2339879094232413931
79,68,1592676467410494567,-8269547490917035850
79,69,-8652529378114905818,4247528186107893847
79,70,-6035672648041202291,8637076228332804369
79,71,-5685710577796291996,7183663036444395796
79,72,-3421812081718017577,-458039570346135051
79,73,5804262831093284324,-8093919389412179948
79,74,-505307867148068739,502545523500551284
79,75,-3255803561282044666,-2564521681380753610
79,76,-505307867148052185,5868638149910844793
79,77,8360565424946791989,-4764931954204441670
79,78,106298837070800372,-3414438148299841805
79,79,-6360906736233289500,7561953777906326812
79,80,3278840726042387132,3137816211173380540
79,81,-2236238481515917209,5486456278388818834
79,82,9109755316989203277,4744288924786707422
79,83,-3593558539966788946,-8194632654340450529
79,84,701613099040118241,3843157664518564227
79,85,7063693974257274290,3279355660776655418
80,0,1542687957942211417,-534493212347201515
80,1,7347538852795304928,3181540822357632726
80,2,-4402951887410316153,-7895666042273981311
80,3,-5918864659244271872,-7163628832913284253
80,4,9169891678775495851,-1538642170017726342
80,5,4933204925239190441,1814969591107576210
80,6,-4884840645864296903,-2834729820942355333
80,7,5228424040914594021,-5776153654582173920
80,8,-7060137270100812007,-1904270260941472992
80,9,-5653081508087573444,-5549224837300164163
80,10,-5004930832315192883,1128787963622028484
80,11,3182211301717309679,-6494226828713496837
80,12,-2821944660002692180,6035943318417511220
80,13,8196573394245426085,-8612245047541699726
80,14,1162360689072948840,-1265505048345619193
80,15,-2640534807352357,4758613805531502316
80,16,-6026629098628087055,-2008375380985538936
80,17,4895047232052045140,-1939397455258468194
80,18,3654026132463188428,-8623484117161597789
80,19,-1000505284397039053,-5627230605258834907
80,20,-415067778282257815,8568331974279571194
80,21,-5962346141204769098,3997580849752147824
80,22,-6096496662469768541,7569804253232924055
80,23,-134850287462834032,630532842792114295
80,24,6411934505475316309,4651488094757506235
80,25,-8832077153463449991,-6681572070999251004
80,26,-2738950372314437492,-6122249652716930062
80,27,-1766496575593495994,1208100066492336862
80,28,-199368128058250974,4180948237500148614
80,29,2503911684997293767,7649006734671929994
80,30,7589925895519950609,-1906319302127898561
80,31,-5114863658459763910,444586470288961008
80,32,1628757613842618712,-8060539319519341413
80,33,5073142546587708709,4624572259796312835
80,34,-6481176323455636463,3345879920706780379
80,35,2608998419440603808,-4891548843706898292
80,36,-1141546365279088430,679879215942845233
80,37,-5549428537232647853,6293255477104570366
80,38,-1245073784226933018,6900576262246862800
80,39,6011913223569466412,2411103591869775959
80,40,9183878735543146304,1849119433547005350
80,41,-6694530865507320876,-216426238768246642
80,42,5523195396313238274,-7493335909012804817
80,43,8425617365058286789,7455121068865244339
80,44,-2519353477819518010,4962761092661785919
80,45,3226592327636499604,2922764352752023693
80,46,-2079155044314303218,6855062423140059308
80,47,924630341058993698,-8123623153397710928
80,48,-3788212335789658891,-5075786653128348496
80,49,3268238253506200785,5730721083503059189
80,50,-8510093504647194057,7665245495278107514
80,51,8831197161359169512,-7478311373862603699
80,52,2240855940934508647,-2186087352743333492
80,53,2911508055393472391,-6422126197550438012
80,54,6450763391406687206,-6692019929479828076
80,55,1465958352099586965,2076499602003609498
80,56,1764740598445553108,1022174147149085853
80,57,2409223393509790733,-5086737920934203383
80,58,6433629175469585902,550694570380501595
80,59,-1587723404165192823,5632851973091388158
80,60,15780254297171517,-1715787957733843234
80,61,3049263419355645273,-970646058503861312
80,62,-6463251905981231032,8684449571800768572
80,63,-6424763933930602878,6906655348883439444
81,0,6833858119512975921,1791862444646962562
81,1,-7655661825747657892,1791862444646962562
81,2,-2639778848091940480,2225041298176265746
81,3,5143372836281397836,4830102702939133966
81,4,-6960643280044574462,6829803844380326277
81,5,7429763877256783348,9136204055054621974
81,6,1348002396918293845,9175865955174149161
81,7,-2845915755757014223,8524807522798277186
81,8,5238429339194576497,-6319961985583271508
81,9,8840944926742637528,-2272135810832784409
81,10,730529016654002787,-2448758328753676960
81,11,533356124220088908,5823516538668189789
81,12,7988921055697089666,-8575401360290874728
81,13,6543465087997207210,7364697667592285755
81,14,-5372857963217710691,9107657951812717974
81,15,6522723207345288627,856652167511994806
81,16,-5314200213152987888,-7016316560114677219
81,17,3650114469488357863,3619320843312779474
81,18,-6582261040059194446,-684333645181448136
81,19,-773088212046895674,4370339383843681171
81,20,1416953634083319616,4511572453548825225
81,21,-2252879444859337979,3434309792584000945
81,22,6530015365168642761,-4165257471895457363
81,23,-3378705739989576512,6681919337334635945
81,24,375587188170872103,1459094928915334271
81,25,-5243210057616262340,8654449598782858067
81,26,-8064349771376280633,2033698365062877743
81,27,-3700877773353117737,-4587052868657102581
81,28,-6633500831307641467,-8735922722886191539
81,29,2817009949950362946,-8797731677591552985
81,30,5417479740882617016,-4872280704715180447
81,31,5889596221200440329,8802609955717490009
81,32,-2190659715078221294,-6206605429210445802
81,33,5019956671326199975,-462666925652013154
81,34,-806317578927908645,1975117912974109363
81,35,2002391187776462352,-8827868888404071458
81,36,7411874491886601658,6686059639127075202
81,37,-5889245720978938342,-7662052656170811305
81,38,1811373868366708339,1927014155912179000
81,39,-1112129388931833536,5260946024836234619
81,40,-6080455201071954857,8342613054883446132
81,41,-6810411237469485581,-6178958461535053720
81,42,-3463772071822166890,8958649870881539329
81,43,-4466449482523000380,2317948712776736797
81,44,-3987160094945872157,-712904589156397406
81,45,-2706529304897235356,-7152903988665678236
81,46,8820157951863092745,2009094677281779620
81,47,-7189122205623697361,8069667904661698906
81,48,780288188449227818,-3505464414835593298
81,49,6987159038408314019,-7998577957179977606
81,50,2997505213811980816,-1158640849862825482
81,51,-938228779277589939,-1616667883211115674
81,52,-5037620138148512590,3129956611373566581
81,53,-4538962583035431253,8949367517829721102
81,54,8588214813332133959,7168463578026845290
81,55,2329675275966602769,3621039081229879350
81,56,-2716963897535370548,4936426410405483540
81,57,169909765251494118,-1720171448669058815
81,58,-2641502740108758349,-183716785112840619
81,59,-1707018764768695577,6711622721404256138
81,60,5074559836337713246,-7870961571008434761
81,61,1310628869302944074,529532580865548831
81,62,7131943234916308499,7459641584262975553
81,63,-7574627886304765737,-3375173761183357797
81,64,997932595489411655,-4900054592708299780
81,65,9123011860456876006,2854730533945248009
81,66,-3693234845607675318,2196528922016242119
81,67,2931227474765152707,-2655337546405123078
81,68,-332096731743229883,-5890224652937953031
81,69,-2819162390369595790,-214745114937889714
82,0,5829632654380306835,-534493212347201515
82,1,-8789978575136108739,7141598553916258452
82,2,-8903752098729902478,5227719216806276162
82,3,5676505091985825031,7903348257144260182
82,4,8590131904902250203,3001083014068736889
82,5,3409924086677789561,5430448212881293272
82,6,-851533640026563028,-8901219494878608728
82,7,-1709850767514193635,-7023793100896001818
82,8,5424346564425218879,-7901472080163595522
82,9,-7238563494248049823,-2868711139745393410
82,10,-2119072032048351101,4788939550586674004
82,11,7630357394887421853,4867217952961257751
82,12,4518326120565248151,16065525411037938
82,13,661653441941131451,-7357116647043222989
82,14,325183252120116735,-5072950052549941783
82,15,-47187298650249628,-2687660021820743330
82,16,-6463171953728066258,-7142944142553371423
82,17,-8441877420494017754,-6905338567279421003
82,18,-4430478351171993248,-7318352868089130407
82,19,268925631086074188,8453518960840254817
82,20,8670305896873483468,3115668413876360287
82,21,263947485147965755,4527894847823756574
82,22,-1017377084655249866,889223306135096018
82,23,6015072082599758136,6251939409159883347
82,24,-5145936429518193013,-1657795249380115403
82,25,3357944881007670861,-2342614257831519780
82,26,1459411301982470033,-7187671160804198855
82,27,-3206694803049663434,-1152303184233061190
82,28,-3897392679008978886,1886851882235134742
82,29,1900853674597169414,9059152176568293382
82,30,1710441472031454892,-780114686431988003
82,31,-6689640500726802556,6677760171539317604
82,32,8583663365288625325,5645157078982209507
82,33,-3981601459032132109,7231305806800457097
82,34,-3700361521610716102,6248903407696133646
82,35,-6401069424098909241,8280855158716390304
82,36,4985422488731964875,-4701670794846496141
82,37,9082523785502890867,3415386613544911710
82,38,-2517878819206701658,-3933213523466322491
82,39,8581482797825251294,-4487011971004319468
82,40,-2261516196470762213,-1503428269497643046
82,41,-1249022422079468954,5340536654923240834
82,42,-5277319909463526091,-3077154116682982825
82,43,-2905254048906248280,2842779862751238646
82,44,-2936720222754534606,-2407500667295813287
82,45,3099744967115393163,936995023895968082
82,46,-6439097626932359988,-4378887905076842461
82,47,3600592201745571777,-2466107894986779587
82,48,1325055197058713020,-5310953424902419985
82,49,-1734441224785385855,-1426374220847090406
82,50,7062693808377190522,3876654971793328780
82,51,-762494715492504592,-4834148235595373077
82,52,-3202840822132668285,6822830138237220820
82,53,1774141598465937134,6160735364766008204
82,54,9159430935201150438,5823303111948915341
82,55,1900566475502826015,-2301722304421506292
82,56,6200689937137166043,6746074086024937053
82,57,6004590507998170757,-8901214474380047
82,58,-4004450746826550909,4831889072204720198
83,0,5278440917681437516,-534493212347201515
83,1,2340060042670023689,1152051663561194944
83,2,-1986179182496203010,2235174510305430372
83,3,4973552220912910931,-6315869557465935228
83,4,-8376401249997819007,-3984413095957126542
83,5,-5026561642086763465,-2879005813849065116
83,6,5944278952739034355,-4940993937235252524
83,7,-1701466333393527827,-8790804326344197922
83,8,-8784358876760443836,364381916914408786
83,9,-9036294657735348429,-944415716985096348
83,10,-8403003717999639892,-5608836079226345667
83,11,-109654264853766854,8173487632241956630
83,12,-4892383976935973784,3509067270000707311
83,13,1880622220950506070,-2977540376288164720
83,14,-2003763964284779486,8214811504296266536
83,15,-7808372868747959085,6032427924068899664
83,16,-8448534406015229041,6868634127328263214
83,17,-4068224576123905977,8749175411783546664
83,18,984376888956707861,-1980166846329408390
83,19,4428195131961587578,-1444098722002061284
83,20,-678668894115664678,-4207816056700366030
83,21,-8482872463774927405,-5472194868320372281
83,22,-1896318687869187099,-5017547451845082228
83,23,-753480369865864425,-5527343461000783228
83,24,298821741432135481,-2919824044771860340
83,25,-4949279014082054119,6104439471171752831
83,26,-813707559660911846,2485723560378522888
83,27,-8362334254457923872,-2725447021183307379
83,28,-6342073350288833233,7626577263025886356
83,29,-4064521781529348058,8064344998041139089
83,30,5464065529771544816,8673487469986988214
83,31,1659629001795257257,-1345539628742184886
83,32,-1476067828350831777,-2145327061862320249
83,33,-1442196415104194452,9155821650965378992
83,34,1808218566102719492,1092545430798351922
83,35,1004432018647604044,-906195997596069320
83,36,4363665969841419088,-2904937425990490562
83,37,-5588333386808884054,-4903678854384911804
83,38,-3298989101180898325,6008229746151557240
83,39,2448562859346140414,-4720786463301777717
83,40,4549563023382216773,-8849969300786488722
83,41,1528804525373811862,-5156069576441744453
83,42,7876228950503811608,5087051352934514567
83,43,408055908692794027,-1201187552063488987
83,44,-7070465013066999419,6523926188479464001
83,45,-3932842457615348486,6614671182424891515
83,46,4967353671770550486,-264192415383522878
83,47,6556277829703590026,7618780063790936363
83,48,4016873432165944602,-6292636427875958258
83,49,-210281256000612605,-3897898723855282030
83,50,8184264479965061347,3136399199260380654
83,51,-4304451653422658268,-2065008195682244718
83,52,3627084767197071486,-6033104331508441750
83,53,-5822656257956032600,-7787778622389128087
83,54,-1803308484604396015,2259982755879849337
83,55,-7252177538487651499,2382896670812228851
83,56,-3797718306451503337,-5741892184956104406
83,57,8150281284110308667,-6447266202734185826
83,58,-6428692602576628040,-5645929124133611582
83,59,-3466778712207251814,2316580001249898482
83,60,3464636130977337096,-5018955755218942856
84,0,2341424150169095488,-534493212347201515
84,1,-7820838213845934835,1954017604939713697
84,2,-8614711824028204725,4088120435245857118
84,3,2783155878826862158,-8351276268543759682
84,4,-730041103032196592,-9036068535050778034
84,5,-3387744575461293882,-4936139393168154911
84,6,4230540540662018641,-1917905820247986269
84,7,-7732638708802975883,8657849605524045945
84,8,1094487088268015017,1317373760597878587
84,9,-2543280985513722543,5939940132703932818
84,10,-5295462475101443132,6933520259181854712
84,11,-1384899075006888048,5951117860077531261
84,12,-7032525459830985295,-5817662586896068031
84,13,1182692600841376068,3064333014085950044
84,14,-8459723495000566834,1183913181306383658
84,15,3668858174795784851,201510782202060207
84,16,-6900655649328102616,-4135136053422082266
84,17,-2485591689309854276,8012878328062037091
84,18,-3401892463488735697,-2450772718387448314
84,19,1680049114126779550,-7334921600758646373
84,20,-19220448937046575,2700434618551957652
84,21,-1468045411613436865,1206367586825256152
84,22,-166276554158499290,-3543734605424244439
84,23,-4397064309148679763,-1153035436345258556
84,24,-2875296133957030388,-7382380240305211993
84,25,-6469391867316953049,3342728466818640384
84,26,-3731048386372504630,-8846753627887049951
84,27,-8972627265649233642,7869317070498026368
84,28,8968121543159353514,-6177532621211608877
84,29,-4654295027873842891,-786954104411489360
84,30,8076946956677254248,1546968413775491429
84,31,-3945408607563277716,-3895636229488652764
84,32,-5754046707492292541,9211176124316172352
84,33,-5928023989960268090,-7973749449642891114
84,34,4200079869214063524,-4951996261353185402
84,35,-2975370499416233063,-3539769827405789115
84,36,4455857523928682617,-5232862075837516294
84,37,4410785749316235869,-1826840981066696842
84,38,-8453801949887949580,2385748396211613910
84,39,-789753203505415169,-4805682972395075246
84,40,1597435069573990230,-6362429977719380979
84,41,3156591534940179788,-4468761618899512393
84,42,5821417670836742111,-7035251620170717779
84,43,-7110620996462516772,-6658193162783167264
84,44,1562567494402292491,-7139638527809944386
84,45,-7928261214055702330,323338759095158734
84,46,3564694290745873715,-2173252238641938883
84,47,-5462374398701111854,765003684669051867
84,48,2599209099775988165,6518954412994296944
84,49,3813239019729362279,-4302799346191809370
84,50,815648799763750829,5202313519753268407
84,51,2978702323212515197,114422219670033382
84,52,2349697412575989152,5687025743299551429
84,53,-2070230373006594658,3750470364532132269
84,54,1270987825048834686,1225361084205810194
84,55,2165141410977071905,-2528141724510625674
84,56,4627667989693661293,-6983425845243253767
84,57,8971900459496273580,7008034107733669756
85,0,8161867986132374264,2104876380417908868
85,1,-7772127898164174708,-3197615883905013700
85,2,-8581728641099733347,-9189091831675604026
85,3,-3393320566493907368,-4423471763784825800
85,4,-4412192432089477209,3427905274321654509
85,5,4278878771042467844,-6029813376116027875
85,6,4744523080325587317,-1098522812433131613
85,7,8999620135952004745,-4482155573741928217
85,8,-313711790873893091,-1014097076570146837
85,9,846272329743408591,-557337074433931623
85,10,-7457058010600226900,1275848623056325397
85,11,-6914155783072869262,-6515419131347753416
85,12,-4756566871471941532,2375032106581016951
85,13,1157706503133963360,-5308328236624828603
85,14,2700542552782148717,-3460640750696110815
85,15,6196787123948194054,-7048210867452647894
85,16,-4288263607866561528,-5761517703529012118
85,17,8295652597901836136,-4091833049886205994
85,18,4997810453476825909,595811623727935908
85,19,-564693381606391034,-2189026666815220447
85,20,1568044248025190038,-406829435575821915
85,21,2785946676394887805,1508376017801235824
85,22,5693268059614686071,1726251426972211263
85,23,-6433190380680974278,-5428405765262183581
85,24,6363409470464805837,1705304504809218404
85,25,6257829823175147388,2154277791579782017
85,26,-6659787259743811768,1726535249288201341
85,27,3115431257039299399,1089850450965293053
85,28,2419785245008948668,-2795289380919585229
85,29,1407954894103938418,4250837052717241165
85,30,-154717138808929248,-3379573409831305202
85,31,712417735742105653,-3545327615741864607
85,32,7243055614161957523,4905925664595177525
85,33,6099853329813107852,-9202854873545998334
85,34,2917153465658297998,434316433345909952
85,35,8611594174318908986,-6296418591140208054
85,36,8597464608116040354,7917652830011593309
85,37,4136113012432422926,4683030386606351627
85,38,-160284914987791736,-8120752508707090384
85,39,2815951499403739531,-2043895364766419892
85,40,-2054125388277429674,5559669561514155070
85,41,840374904267686016,-1013628749174174650
86,0,2553923653784091373,-534493212347201515
86,1,8975009233104462434,-8213639838566765718
86,2,6758166687996863616,-567933297542729186
86,3,-433340969323410793,8922393294728800498
86,4,9022695197710921335,-7442669446318946510
86,5,-6240988305257838951,-1351557691994431483
86,6,9173843588829067309,-1680871833072092795
86,7,-2740879631373343253,4389993266135792101
86,8,2004736963361354980,6465935553304022041
86,9,1066829750696350276,-5815731726095239621
86,10,-5833307391878775677,4379942208081905736
86,11,-7612840427225710,-8301303311687274994
86,12,-5299679832862432762,2176358316219954472
86,13,-6539932299541984512,979327309204351162
86,14,4544288812912628685,2316952476571243164
86,15,-9169814955872121501,1849670185053410278
86,16,-2534540445456253476,-1465147512515575635
86,17,-444797110681742454,-6237785226229440894
86,18,-2557830815766212408,-7351610890335250978
86,19,7453618697540359979,-2392848132123888800
86,20,-7990172725345555941,8984421974772670942
86,21,1709461146507031623,7355076329497412901
86,22,8846613861165255087,6245838668765607135
86,23,-576068948948279253,-7143130272264769214
86,24,-7955876050541743140,538122200513624936
86,25,1789761663854578232,-9025185218258212283
86,26,2532823429898772668,-8071664612638325151
86,27,-7491462681722931286,5263594978276664486
86,28,-2354690945001411961,-8703327272743063803
86,29,4408173098071446324,-7167285034965411645
86,30,-4224216650335945914,-7478215327419314023
86,31,3761169653564889163,-6438586403371470409
86,32,-2583225619453261183,672048596203143041
86,33,-92049364087820045,2138334558268868311
86,34,2208865904217730728,-455646402861333337
86,35,1737143645915140250,4786463264527783129
86,36,-7023035965823045941,1569296044750788983
86,37,5876727859083015725,-4095381842901590741
86,38,-2700395649342366437,1424072497905298951
86,39,-35747962440267200,33727260882925078
86,40,3729588137746595246,3118815490861248773
86,41,3907904779954052815,-4165581542979691966
86,42,7792720745047357509,-5760080805372291664
86,43,4861313676331368672,-310012225821969395
86,44,384962342959991641,-4621997460235858335
86,45,6127877085541317116,6674006074096368201
86,46,7307336632566055616,-9066271402908647521
86,47,6973559842751974914,1785393951612352114
86,48,-7860483806579694115,2433506819296302793
86,49,-813056519199475586,7558098321558117598
86,50,-3141539676648020823,-260150238261747827
86,51,-8145550004609335015,-6220175373819681745
86,52,2209976566718814744,-4302259168836532333
86,53,5857256836994646863,84097575297357145
86,54,-4744363012921642681,-4185688812704629189
86,55,-7663008111058230045,3324317095470838619
86,56,2685661247379157330,-846290249639870004
86,57,4688239110537521457,5161057120280064812
86,58,-1592541171119756478,-5240382506255534249
86,59,3759065209150357577,-3086472746276782824
86,60,-1395262956262251629,-932562986298031399
86,61,3350920543826089132,4204792323295719419
86,62,-8703085364461702793,-561047074829209123
86,63,7170264347411307292,-3231253077506347874
86,64,5664879411034721787,4436958634709956989
86,65,-1618365087165636663,-6341573726783289764
86,66,4727425900529678190,-8287992655289709254
86,67,6343366733333254961,-304899628029643043
86,68,3721667948941510433,7678193399230423168
86,69,-5379442052187211038,-2785457647219062237
86,70,6410835958313651578,-7918792503564735979
86,71,2554033165403420537,5318151890843316578
86,72,5115865687323948874,-7121244812946300222
86,73,-5305742819257983756,-4201325781499145357
86,74,7045435505569663684,9083697320634778741
86,75,-2716466128073559807,-80581444406691390
86,76,756564369697732378,8710885909938043698
86,77,-8321825893191978953,-6326720246900694090
86,78,4476421202372520818,1201790773888556711
87,0,6655638224828130704,-534493212347201515
87,1,-6314081877627022606,-534493212347201515
87,2,6840340660025210773,-4525412988612713151
87,3,-8691752124745563909,-8706886272235173021
87,4,-1578988858988570949,5679768483898097277
87,5,-1311111604728817154,-7561217745923929067
87,6,-5908312392778899123,8130993298738262774
87,7,-1815084446627750481,4500084937953542919
87,8,2150865526122634798,-3938973283893912987
87,9,4879832684442403599,2594503987677641077
87,10,-7851450775557243055,-7322274100664270786
87,11,2010557914263918389,-8852246460637856638
87,12,-8851384804246254870,7564037861083650048
87,13,2153355640299095079,1667227609751425428
87,14,3910759601980539606,-3513056621219153965
87,15,2635325885945320609,4428018761252798982
87,16,6779509801564815629,-6600775869939791220
87,17,-1718142671170299753,6827487058264169828
87,18,3650254094888457059,-8390418382638152681
87,19,-9054897758550466689,-1667384816110572389
87,20,-4716588574591975145,-1420482890469707648
87,21,-4415895701205695693,4471709564925863736
87,22,-9223041624492241348,8996933452871965492
87,23,-783510961005093798,4698478590112626421
87,24,9177426003854598309,-7957515582174764707
87,25,-2818083942525452339,2407927076271894881
87,26,6583153612591421734,-3128572542971163609
87,27,4154275093869773801,-8500723124842437173
87,28,-3131578463249166861,8314796150273780943
87,29,-9002865377568401300,7426690963930132469
87,30,-7668116738282200745,-8598857929137667023
87,31,6946286475532423829,-3708889151227830565
87,32,643068427663493792,-8776092604249193002
87,33,4614666527979355912,-2077723680445533078
87,34,-2846961016002458292,3695433136009782015
87,35,-8290476963656146257,9125900460911809773
87,36,-4000344018879370834,4351760877182361154
87,37,3857720228925603166,-4656883478457159718
87,38,6849404656092788530,3482084200576869464
87,39,8586085532391618094,707406293465748187
87,40,-2888097689245056585,5408291827532178354
87,41,-8687755950700027210,-6837438916606186628
87,42,-8458715071765779453,90670270122263293
87,43,2843728402967915778,-7791903757876828087
87,44,4054768718739604868,1090091843105189988
87,45,3237913374686653478,-8474656629622343553
87,46,-7655599109185189393,-5658229802370275159
87,47,2032209921155139738,-9172886999059179892
87,48,-3537389718402031510,8401914067644902207
87,49,2373718867299263029,-8765150704941065039
87,50,3267715226551240652,-5254196629869226229
87,51,5612240767565564834,6074610318606562361
87,52,-1640917259232449418,-2776844517989340893
87,53,-7965215964392857491,-9078375058899429310
87,54,7461168883215584653,-4289979552088636099
87,55,3114119638616865703,3693113475171430112
88,0,-139150160519265717,-534493212347201515
88,1,-7967127665971213942,3819140390910135374
88,2,-1446279301401526932,5302313089246676236
88,3,28585166438128342,-5339405298802898082
88,4,970495443132748772,-3558973677222390877
88,5,-1886502255647321250,-2825639775378911155
88,6,-2459021286994866255,2713547869799009813
88,7,2042885392859640365,2599408980599825933
88,8,-2581428660867292589,-646689436939803070
88,9,-4615507010933079785,1047414911834946864
88,10,2003772239629736074,-5430753620453014987
88,11,1249111615609762562,6013373826745676814
88,12,-3964080955603289790,-4885541289296462047
88,13,-42151722757200170,2899781199974311230
88,14,-2971137550149976484,1740602270821348986
88,15,-8892993714561214355,9201722390062541569
88,16,9122490549084307079,224319958563570965
88,17,407619883640074560,1120804046104821865
88,18,4407549516767557211,4226739226390691631
88,19,2220213813724210035,7901619464995450863
88,20,-6200866644404455112,1904908211853118693
88,21,-6829693410157856704,-9049524822524736396
88,22,7680435394053321084,-6948919289974164618
88,23,5562028609962768722,4734995148075834257
88,24,8468310235188551500,2673407705453195427
88,25,375175617478813090,576000492228982698
88,26,4574428191713180353,-8117730474976997527
88,27,315985468396264192,4895056095344463223
88,28,3768296796536369142,-848273346400067913
88,29,8286116914445610205,-663728960806833442
88,30,-2103107225297191613,8667588676479328213
88,31,-8520655200527334825,-1046251065437313319
88,32,4235310833969540673,9151619366313636147
88,33,-7028681868448451680,838058669671396148
88,34,-5601068826578550877,-2779917744938112146
88,35,-5604501696538848277,1332840609882338869
88,36,-1163822986883693231,-1480563714660472671
88,37,-307590437925752600,-2975795148506444698
88,38,6660611166675589968,1296837292373495543
88,39,8009140855616602921,53201791362769634
88,40,-5248630888366195577,-3281241068547083820
88,41,-256443063455731946,-3840501381221295788
88,42,6700196381612635615,205138208694875873
88,43,-6904113814680543321,-918185181768779990
88,44,8655633591163598342,6380654012670416645
88,45,-8389559306503247582,-3220651118024943778
88,46,-8143596638840776845,7730303822543647227
88,47,-6925751966355486564,2709555658697220486
88,48,-8649236805432923714,6895947790690836860
88,49,601206372635712161,-5057026212403818331
88,50,5384362925659367398,-7339857032771476051
88,51,-3529740584728668795,6895310236530011280
88,52,-6949667989855878592,-6837127993402109293
88,53,-3174276677636472647,3925900158807901873
88,54,2725905588426754900,-3345359200719742466
88,55,-1115217362127163418,1743644656598169072
88,56,-8888778023013311808,-2673831386760803643
88,57,-6345432455496698340,1796452957449871972
88,58,-8289745018164754612,6266737301660547587
88,59,-8357876369301377827,-7709722427838328414
88,60,2754931152374290920,-2202053945335254899
88,61,8230070906093237878,2592914772347503725
88,62,5016638652721448816,6751736850091189694
88,63,4490142331086468823,-610586514418604330
88,64,-6787962669690264958,-4041510972702579397
88,65,-8640934468309734517,2593363947474124164
88,66,-3113538101058132178,-5054976042632030915
88,67,-7129485185512217203,-8758326534053967014
88,68,-7629284460408651695,-1784249982128076293
88,69,3990168221314899397,8734452653157022995
88,70,8186849621912895701,3836368265375240050
88,71,-3276456216605381324,-434287923701838830
88,72,6345335811848316201,-1479961327096794675
88,73,-7387602445314046123,2671349841580911347
88,74,4852304736420893217,-1752787725152034925
88,75,-637221549356676149,3552262176529341316
88,76,6184987466664478965,3480437028975370492
88,77,9063181958008105516,-5664409840849467172
88,78,-6122177029641380679,-6291838039554171237
88,79,8848026982785878405,3480437028975370492
88,80,-1039801239867732312,3480437028975370492
88,81,8792109593974431953,3480437028975370492
88,82,8616713230711278883,-6291838039554171237
88,83,-1612107598475733089,-6291838039554171237
88,84,-4909758332312924043,3480437028975370492
88,85,6599636526722649382,3480437028975370492
88,86,-3541998969138098721,-532727227264001798
88,87,2473397929680903025,3480437028975370492
88,88,-4049420523512135791,3480437028975370492
88,89,-5476820784137730193,3480437028975370492
88,90,4382682055660421435,3480437028975370492
89,0,1478278369380580235,-534493212347201515
89,1,2883539625713817765,3057538334099126482
89,2,-6243287676559507538,-2846816494444038787
89,3,-5867717361630001336,7250049972426124738
89,4,4060679167555617741,1625192849311444964
89,5,-7328872502201100161,859077803532340744
89,6,5883132503162296772,-3464519866736849890
89,7,843758335905437671,-3077839172742115463
89,8,-1512714161465983922,6585999116248943617
89,9,2547574241134836992,4030642656146807433
89,10,3818788306032950662,5904938253028661831
89,11,-4264440401222182073,-4431669603300417748
89,12,-2583633698454610445,6535294647862669989
89,13,6261894971440313420,-529316654074395118
89,14,-2489917400403130845,-7150067887794375442
89,15,6651534637659571088,4412872302464546523
89,16,8273817704195898008,2470261856370656264
89,17,549520387736825240,-7065381525067038811
89,18,-676108154073888469,-2863797413181645756
89,19,6797648572908406096,-8454889107132561478
89,20,-9110273831934918088,-8677259563704767446
89,21,7456768135733495512,-9006813130415576217
89,22,5206730683351658906,4278040498409064421
89,23,-8136605853010900305,5950045590293549530
89,24,-7122941252336701079,-532813831917437190
89,25,-8964802006818139270,-9186741983589416247
89,26,-4446296440779338820,-3275613582454316317
89,27,1783856050757982160,147799072453194808
89,28,1179870148149782786,-5270144679711638818
89,29,-7396774779313322208,-153733005466525936
89,30,403296817753120882,-8525214253619578874
89,31,5106714516953924707,385886438652277667
89,32,-6985029498486403025,-8568666775661642243
89,33,-2196086114614479435,-3916878385787301457
89,34,-4482722503899031443,-898644812867132815
89,35,8857022188177920644,4442403565412114951
89,36,-1976861774045129220,8998637050164160707
89,37,-8372090882167060782,2121018952522805072
89,38,-5410592121874639529,2379794777745392106
89,39,-7437506804386065796,-6737388989034234210
89,40,-4214739126637786343,-2532838499664921232
89,41,902599648364886756,7883997878957309199
89,42,3586048066402072994,-5231190313918736992
89,43,6198566878565765860,2340854825375406376
89,44,1144847688921198260,-2372579785518881727
89,45,-5238923460239693430,-6348435643943687564
89,46,5349600914763813002,-1268116254095668207
89,47,-5212952096885205676,-7880827380662714820
89,48,-8646330816068329842,-4222186108447110438
89,49,-2467815874580409318,3446025603769194425
89,50,-2470784741637925302,-7332506757724052328
89,51,1555556901808251353,7379204684954974514
89,52,-2972760229263584002,2344253688261028979
89,53,-4370165459972957267,143743644683726669
89,54,-67494714626734208,4262952797485489951
89,55,-2032102997671764930,-9172978467674310916
89,56,-1506612974164252771,-7989053379841942019
89,57,8819274266950102137,-1234980444410822010
89,58,-2897475921721239148,-4972866531398228888
89,59,-3649300914544276537,-8014615594014848420
89,60,-7872826227098609668,-2609901375676478219
89,61,1073586077157673319,5595327166562890776
89,62,-5616238252944583938,6025873753161243322
89,63,4674415354357794536,6261485708926152365
89,64,1613667529514637672,-4208235350143990004
89,65,7799730581883990582,-2957411507843539334
89,66,7704595301484695415,5247817034395829661
89,67,-5255406941883293529,-4993698497074352960
89,68,-2261240013996818683,-5010143926077671963
89,69,-8242240438876986443,3668468118394656244
89,70,-4623692583382222651,-5250588805090100520
89,71,8732506526529378614,4206000356647659405
89,72,-2958207331096283265,3264578054862498265
89,73,-1737498787121424298,1061024852080905311
89,74,-6364889584104942622,-7949566698359743443
89,75,-4991103567402732144,-6563403925227436119
89,76,-4517049419666914079,4100783422772808299
89,77,100629304381265278,9125063844212815358
89,78,8810745400430431079,-1116451687257367263
89,79,-4301969030128302051,-3668980999215512742
89,80,2453443855004577839,-7373566993891754059
89,81,5981946633835344620,4648592412758182906
89,82,-7069394302474034548,7523694919242605431
89,83,-6817875830032257181,5987699812715250743
89,84,4905739511558485524,5345784584404632341
89,85,2352773397860355908,-2784266950324481131
89,86,-5968457279470631437,-2154595028915275789
89,87,8669434526585344124,3420038899472777135
89,88,3066517298976025414,-895251186096865105
89,89,5221421107196158465,2136208442851540331
89,90,8118791644180982325,6024099515619670792
89,91,4438152941955214290,-4217416015850511829
89,92,-6029859211615072858,8659162693227149113
90,0,-4282369028960221380,-534493212347201515
90,1,1320335794822015626,1952097029730808258
90,2,-2499344669640472374,-3028794478892557041
90,3,5448415598961011044,9178757974444845328
90,4,-6383387690757757484,-9106335565286469301
90,5,-4304415638196065013,-5592195770378672799
90,6,-1715554266925498810,3045072655529823037
90,7,-4899989502556542107,4134013757714277948
90,8,18743635862172620,-7106009583582580521
90,9,5031265097288530645,100711148830112626
90,10,5828617468725778222,7307431881242805773
90,11,3093459068113880808,2870260819895337637
90,12,-896883159183330739,8309230321572073586
90,13,3520825883526125278,3661450153129264999
90,14,1973066300247527767,392001873793199757
90,15,-9148144303044173138,-5813749364405609087
90,16,3806068980510367914,-8660794174331469632
90,17,5165084335257196289,-5759723346617980060
90,18,267518134011584260,-8155293493857412470
90,19,3413890227583504736,8261772528035213481
90,20,-489879622851461736,7627811065899604971
90,21,3207668429142832991,5627041556078198696
90,22,-4434026461561337351,-67064755069437165
90,23,1779619217811390888,-2463925740092824340
90,24,-2228589916367615925,-3446328139197147791
90,25,4002452078447102942,7426937388518766096
90,26,-1972411166830771442,5736528809069782407
90,27,7385367305218808788,-4899642073775791276
90,28,-6069572328311537837,-3816506067421639200
90,29,4732982459261245024,4792136844607707014
90,30,7734065409930932816,8585080788953420043
90,31,-7755108700069440944,8724643918698356945
90,32,3025524493327841224,-7804183950028045259
90,33,-4304048871837348236,-656033362845357714
90,34,-240916317478824201,-9212634922001525157
90,35,2213384678706316141,-8467121583718426982
90,36,4191630662819162134,3358871256271144310
90,37,1601236702164695175,-1168264815975504813
90,38,-167611462024990562,8723164747820609555
90,39,6190444063310970209,6444979313535078561
90,40,-5128880271189230089,1217086966885036661
90,41,-9169644682071433738,-9198450874627925070
90,42,494600610587036990,7345155540367803722
90,43,-8429714911287354985,3407436296536063723
90,44,736714589740810462,-6748316821174968196
90,45,8641956669681954910,-3809760591972752575
90,46,7755433840750526576,-1662077402480091379
91,0,5919823248536662067,-534493212347201515
91,1,-8446699024669726242,-534493212347201515
91,2,6782303733063154124,6805378071344105520
91,3,7943283571596513906,-282588760094837506
91,4,3015936082306569797,-2120853930477407036
91,5,5717859638163577574,-1354418140194246444
91,6,-4304144895978418401,-8038496065810958792
91,7,-4371436801200211559,-1751461292789983084
91,8,3616680058783057551,419269719285412694
91,9,6436143756457724005,-9033061811344745363
91,10,-1386420827044328093,5216128809511429474
91,11,-3389968269241783003,-7586693800719046021
91,12,-2189065774077945095,4840569977342044985
91,13,5556032083679770142,-5719299704940759600
91,14,8510225829794058821,8927765638718881059
91,15,-7518588302059479874,8601294874763995384
91,16,598218903982812498,-614778199223559087
91,17,5483813605570822481,1553766107950974150
91,18,-7111410676605145164,3643110799593669162
91,19,-9026695230177619264,2224705460758350883
91,20,1174264587989194076,-2961766426065362962
91,21,6087935113588168691,3417483908744029105
91,22,-7967214527527953558,-871979167815440267
91,23,-1366246147359577482,1735540248413482621
91,24,4571744640618344087,-5603367612353748489
91,25,-5868056801515014717,-7501195663672399013
91,26,5339200267137719631,3913648417146010186
91,27,2414464010397064134,6627747956967986110
91,28,7573943500129155055,2609911670148699168
91,29,6491398688262138633,8035428983947637128
91,30,5790078064540115493,1127102154733215394
91,31,1417646402342292258,5172171437817851553
91,32,8600099124132075117,3292156716267792069
91,33,2489532008014476309,2933473355769452115
91,34,1079205890704810887,-911164698052542696
91,35,22419139107146761,-4810384827496296475
91,36,5595053156442001446,-9053182980500995449
91,37,4919712477304169673,4728520033288310376
91,38,4346386557922896342,7666775956599301126
91,39,3960694228332313663,-6991268037791426116
91,40,-4831239357169614401,2222049250221601875
91,41,8112925680715281480,-6609012233898098345
91,42,-1420334481811137580,8595592299687209677
91,43,8750593419636034507,6337126049953294770
91,44,-7995611655199196443,664116606236150306
91,45,-4253941967851829536,-3801653539624078742
91,46,1648817280329670111,-1657218296704419339
91,47,-848024977283485410,6010993415511885524
91,48,8291608875788532243,-5787600511530129132
91,49,5565646847614510595,-722176127143704249
91,50,3221694714368705843,-8984747161572875871
91,51,2265069937880402513,1199425877708149915
91,52,942421241053284901,2851770518031263055
91,53,-8821050127552428149,-1523851616995727901
91,54,311770461291595582,7962441368229007431
91,55,-6290933344092516453,648470018549893291
91,56,5490387348743070835,8635586748567408143
91,57,-6982796773271940670,-4621255879629158108
91,58,-716480018253886693,4271392840619909429
91,59,-4079142349517827789,8681650740424469192
91,60,-3439620085040204708,4109681481560418684
91,61,4015674331282716405,3889697400334924420
91,62,3645720901717585514,5441042773950697764
91,63,2597844279006460785,6439355944243029582
91,64,9177234231896994840,4709183100972630379
91,65,4640840874006263933,-4032835752806470169
91,66,-3569628104230619251,-8138384106276829159
91,67,-1953482271768436047,6417322775813565890
91,68,-4957178249036825222,-3906153414719612524
91,69,84130778178711712,1133996369887210911
91,70,5074578062089487131,3148399794649227245
91,71,-4812105212885044997,-6874608376785807779
91,72,8872923849130375140,-1883807287542290896
91,73,6663014911702014415,-5475166780384746101
91,74,-2082716783879855791,-2284549729968088910
91,75,-2142444991570278282,7343644316497805990
91,76,1454731085127369384,-6388767473812189469
91,77,-486594888370355866,-2983322641027027130
91,78,-5468113656053338843,-7343628865119393931
91,79,4229017374638044229,7585926180578069827
91,80,-2021620881553870227,-3926108050622749911
91,81,-7668295100617133601,-3589940753786052700
91,82,-3931165222655279116,-5150898142582320087
91,83,5758580822463998534,-4753176609965193270
92,0,-4433237316885292212,-7986119331356601344
92,1,5730805679422199814,-4031521324466760244
92,2,-6793728366710261613,2521794418423397762
92,3,-545192479540837866,9026257204833973516
92,4,-7437786011805108188,-2093815802463633071
92,5,-673848083141429448,-4664033992853405875
92,6,-4843127483042019908,5495153728246425710
92,7,4116384735648305353,5275248601873856258
92,8,-513504456806234998,1609822932563287719
92,9,-1376740791214990576,-8008088832010258921
92,10,-4034528695094212979,7194775884323009079
92,11,6575464171545485773,-9012249630523092204
92,12,-3596716306277213331,2075259484939430894
92,13,8295938750372228729,5196184821173575653
92,14,7813777528308706880,3421484030386167910
92,15,-8054602940403499776,-6919617834079556545
92,16,2058763431060930730,4406060820885762091
92,17,8291568655984950638,7944531248360159657
92,18,-7152136202419777523,4910377018508793648
92,19,-399958299370122735,5630795653737379174
92,20,729060162852357636,-4320636045405766689
92,21,-13286099046415102,-8571575602686348079
93,0,44345648838036839,2104876380417908868
93,1,2454371506184529397,7075004459436861407
93,2,-4878254277191334438,5812283200667620565
93,3,-3057741594949776626,1113319269210902947
93,4,-8418165748301579642,-9050951241404380768
93,5,-1476916634740040236,70629055550701710
93,6,7947317403340226950,4133530110788502771
93,7,4795875067543606449,-6030795326693783002
93,8,5142955335595966105,4439048192526289876
93,9,932891330595068900,6182008476746722095
93,10,-7665777225673013687,7924968760967154314
93,11,-706366228451069846,8047600281804241232
93,12,7435791243449872987,-6177525470137282313
93,13,797950472865116991,6784520340013682775
93,14,7739082208828069063,163769106293702451
93,15,-7036459320573511003,-490842761775298480
93,16,-7036749032094895579,5230985663696506593
93,17,-840565235606902324,-490789187639973893
93,18,3605043038766583066,1126515739785196758
93,19,6088586199527425354,9157721971981786643
93,20,-6336401859599299745,-7238551564233871004
93,21,-3768014397125376489,-8163419493706741162
93,22,343771503362094269,-6420459209486308943
93,23,1025671015299305287,-4677498925265876724
93,24,-5254317484462715064,-7235337444936785266
93,25,-1513480878170410640,2972226524565111862
93,26,5157155657989701725,-4708352610528090975
93,27,-2727473823798163507,-1418950196126251521
93,28,3212349847128564522,3663207206584635042
93,29,-2253345784291915177,-2477219506556545790
93,30,4186270815453493163,-7950313097931819251
93,31,45708758241019069,7501586943140791477
93,32,9009401357024928710,-2905957381643257634
93,33,6801056297614801630,-345336851359265419
93,34,-2325726161851312430,7505651900773147219
93,35,7305764955893813091,-5491928995079461004
93,36,-2690071458969710736,1255119901601203891
93,37,3987836735300706646,1711221776170750797
93,38,4606570849654400874,-1190648103248508648
93,39,7073283253468379125,7517735129438905848
93,40,-3698634401742508336,-9041576639341113146
93,41,-5563064885424776113,4562047196272603298
93,42,-797745428517825787,-2662548058389472532
93,43,-8782833068537832245,-7153863380559861454
93,44,-8676181027309552186,-1835943916914068278
93,45,1194911697940881448,-2368380570362473827
93,46,7122504640439890916,6337891451844055887
93,47,4979960224816371784,6015713863935985059
93,48,6722982055754489920,6172940039077508171
93,49,-7747300604521501031,1069458922910056397
93,50,-6338773822535242120,92447677436447920
93,51,-1776318732069922837,-1132542217170981755
93,52,5111654227649534023,2288622323758958791
93,53,8477783761773947413,-8553364732305688390
93,54,-4424818087382328511,-595804589497641249
93,55,2125180013818582073,-4932849890927237020
93,56,5067568155506579417,5287826393321288839
93,57,-9070776782834411683,7872720869245982310
93,58,-1859532019638405074,-7512236700226025105
93,59,3876479841721570321,996426594417993156
93,60,3637219494991741520,1323424958817747446
93,61,3243870018414041500,5721992639591690029
93,62,5069932625128749546,-2648477212640076095
93,63,-3670196799731369379,-3265968044372561099
93,64,480992493782407662,-7383251157279469172
93,65,4520745728728102558,-5738717688173050243
93,66,8041521511799819492,2998437968987195049
93,67,-414318857282555841,4273098641144829049
93,68,7749423293833484684,-3037750983889294412
93,69,4282532571589667409,7401342596701211569
93,70,760570907485119521,-5788596098460961804
93,71,-1371972450287100089,781519628715637028
93,72,-7866378444616543605,-3071058153688723060
93,73,-3907801780713411509,-6923635936093083148
93,74,2757619472201347135,8078229444023527692
93,75,-5804222229633209664,-907701301010435253
93,76,7807216903230399308,-2459151190488326002
94,0,7541336534215332977,-534493212347201515
94,1,6149344146389973582,-744315134311096316
94,2,-7954802824891781754,36215612325267614
94,3,8335536624146856293,-2263003975890471541
94,4,-1524848660317416970,4693789712542271025
94,5,4257405790851331233,-3638485340127220067
94,6,5641018919179137634,-1047700332509381226
94,7,308054659592787987,-4387650939990431029
94,8,-1520925127278862072,-3635188680382776459
94,9,3106456837458404813,6258794950851405100
94,10,901028085740321500,3615819363367434660
94,11,7419101476049261866,972843775883464220
94,12,-7851081281266978854,-6848354145054499409
94,13,-6213430027775539285,-7328406163923791793
94,14,-1808597968846907052,-8825382938485375590
94,15,-5835980852315124801,-3182429807034738785
94,16,832353825480156060,-8344320251919649763
94,17,3352997040055081800,-6877099257977943316
94,18,-2616468756122224516,-8891471857706578573
94,19,-7665597428000642992,4393381771118062065
94,20,596604709854830956,-3870992526183066257
94,21,-815284755027219483,851669390968896042
94,22,484704408490617357,2490987663182086545
94,23,-229228007566679912,6954939420031733892
94,24,976332847515470516,-3408039247957178997
94,25,-8425809120956222820,-7705994942351886227
94,26,202014925095448661,-961620493185836440
94,27,-6369634105251661940,-4626686881286253684
94,28,1429796323256720453,-2353340771322855774
94,29,-2481241040773098562,-7023559930756677175
94,30,5410429212198838340,3348535168210949671
94,31,-1093350737896684089,-8985896713004965598
94,32,-1192856202905666373,-2870263193757233116
94,33,2828457893718997068,68293035444982505
94,34,4771800264801685811,75336670312393420
94,35,777214174640759160,9166162579978472407
94,36,-6692036472575759818,-8965142674600418875
94,37,111673870408898327,848620923041530584
94,38,-7992512570646266078,-6855813157102206488
94,39,4290178442438299638,-8420670709947544571
94,40,2692611064530978929,-4161884823468769351
94,41,6418730290111469652,2569997211254936246
94,42,7004581934835569896,-2083797094157016806
94,43,-8231509717695266369,7398164170048282607
94,44,6534571401664878202,8819322588776311569
94,45,-5818859636974373784,7529893994857859114
94,46,2841184001390458191,1268704415085247941
94,47,8831554812815398303,-2065557147933926145
94,48,-4447566733864572302,6313413576433054515
94,49,-8577820470966776404,-3915826929154367706
94,50,7897704073920614013,-6629953433349084090
94,51,-6902027752027065535,-7505531893759738410
94,52,-4514731284170028885,-4395170336146452967
94,53,-8942280008420309143,-6466143620451092790
94,54,-5336236164282318751,1005699800861120031
94,55,2589861183873830650,2112393057042076469
94,56,-2794622691384223718,5230992383826943880
94,57,8463774145999548933,-6097749389848751212
94,58,-1345177487112157046,845188796774152288
94,59,5588430599030539389,8731133391358196301
94,60,-5304357151320059525,-3212129601666467226
94,61,2627709711451085678,-4878669587095093438
94,62,-4630229332469707752,-4495509026626093793
94,63,3093150558636396384,-4307122945356801756
94,64,-5069528216518524818,8075239918773846305
94,65,6035140851627876598,-7017687718641630808
94,66,-9012105110110385709,-3663871282347556305
94,67,-410985652280862759,-310054846053481802
94,68,-2522216940335970163,-3773412412299363683
94,69,-2005474350131204093,-4831629644812372023
94,70,2841697985271527023,-2989160823433949886
94,71,5480111524062331647,-3672377138584566735
94,72,-921246762282215912,6800747145034830638
94,73,-1309422765484823474,1344754360761020417
94,74,6270576444735387470,-7024733713520887210
94,75,-5918777563523924006,6663727348004119753
94,76,-8120949256233366926,3789503964407692608
94,77,8195503721198306718,4356758483496105287
94,78,-3027204587705071260,1250652060932551860
94,79,1978358011395339731,-3204632059800076233
94,80,-5865746477198487352,-7659916180532704326
94,81,-4986263357333167454,-5773674903069547444
94,82,-705318348466189173,4518914233838960629
94,83,-193638170658991618,7229454586286501362
94,84,-2426071172540799526,-1464276380919478863
94,85,-4438829827244310552,6755685033193647875
94,86,1091183709018114667,8080943052145875044
94,87,7715460932577397961,-7427545098252685822
94,88,-1038469210714405271,-4489289174941695072
94,89,3706898755037233911,6495585751344970455
94,90,-8835430348353022989,-447565207673615795
95,0,371542324722247819,-534493212347201515
95,1,2538611145318666626,-3868024862113020013
95,2,-256086185516532749,2104567170765187346
95,3,-8439673717164825458,6437495494827342936
95,4,2586695825287826688,80365095445188418
95,5,-3709626337263134606,7477473143710463463
95,6,-1539139544399870590,-7519773084602341887
95,7,-2081381980968527310,9102144369451882115
95,8,-5993771818861749044,-5296773529507182402
95,9,-740321682406501967,8861816479015468773
95,10,2180554833927717424,-2306121378714728402
95,11,1189495944324515908,-3681650411723828359
95,12,853267455287325316,-2586739217956319480
95,13,1340975246086284964,-504788006812176528
95,14,-2948871590551828931,-2465209652744431608
95,15,2629028536513880263,-6078902496732713460
95,16,-1349743072444013531,8167952119854310648
95,17,-8752688796725784574,-3905213978919232189
95,18,6973762293585641709,-2217313960440508634
95,19,-1241739148650496511,-8782012987656686520
95,20,2991607716641210521,-6769187588996121282
95,21,2202725142065497104,5478598525051346303
95,22,4687098576550573286,3267956164802298268
95,23,2550590384567583994,2620522741275042692
95,24,-7394549551910367508,4206258007966821687
95,25,2344775527174307692,-1488829761002308521
95,26,-3702944301423449737,-3991456301912489339
95,27,-1341766505319469521,-153399265045126654
95,28,4216917144381039987,5029383792585317869
95,29,2820471746233874014,2824003299302607197
95,30,7685810634063055677,8496471032816892546
95,31,-3820411594018850412,8381377310291383686
95,32,627701588831860120,5220574951536216312
95,33,-2553690496982754790,6083849251805604445
95,34,-4552384102794570154,-536901981914375879
95,35,-2811883392988685862,-4791163771920563922
95,36,405110807086391090,3353546280777036888
95,37,-5536939952768731724,-3267204952942943436
95,38,-7535130736565337232,8558787887046627856
95,39,-1744228574846108958,-5218727426743815008
95,40,739625338241567367,8802694337571239157
95,41,5114829796468265813,-5737739876465977801
95,42,166111016970614932,2949168816971041777
95,43,-7847847642954955322,-4355805148050962048
95,44,-7857728030022737227,-6476005548192316413
95,45,-8143013120521364027,-4211540246134717542
95,46,7096026580872064874,-4211540273647331653
95,47,219439929988457026,-4211540301159945764
95,48,5279457078848717393,-4211540328672559875
95,49,-4534108065208780828,-1553597398260145060
95,50,-7549031935780050493,-2181052036587009796
95,51,399859801311961893,-2808506674913874532
95,52,-8901785260634383383,4941548854064693192
95,53,8547590795774975953,4314094215737828456
95,54,4305675010310806054,3686639577410963720
95,55,9103840774871640226,3046557894305103783
95,56,1085514816641411891,2419103255978239047
95,57,-4790823670337565860,1791648617651374311
95,58,7938376099561608296,8081470991829426462
95,59,3795253186729915696,8081470964316812351
95,60,-334431783546197234,8081470936804198240
95,61,1509709291465293188,8081470909291584129
95,62,-4623129993435490195,8081470881778970018
95,63,-5453561895757954737,8081470854266355907
95,64,3585145823925001653,-3523470449158675741
95,65,3291710181476129157,-7728820404042882408
95,66,-1383612068108094271,-7728820431555496519
95,67,-6251575582644024463,8081471074367268795
95,68,-2685684970067321925,8081471046854654684
95,69,-2498059669859186739,8081471019342040573
95,70,-5534691901180625185,8081470991829426462
96,0,-7566901306985421955,2104876380417908868
96,1,5874464716347524368,6207741023661253411
96,2,1483576609757257327,-987168366335442921
96,3,6234590028265228896,-5034484208058293395
96,4,-7422858190532248654,-8538760415514658293
96,5,3098727090384800180,7957109680520127802
96,6,8183234795602911,-3297005304525277271
96,7,7517871590654637928,-4012352207875121066
96,8,-7561342441764913414,-437045831122307759
96,9,-3851672386965909040,989078139021144235
96,10,313517697380743035,-8055577361413729931
96,11,-2690695581620723006,-6675366656234829559
96,12,7303905527382965046,-4847902659822312497
96,13,-2638104458384953010,3935852402195483715
96,14,-1970560299726860967,949635166334406806
96,15,-8166507270177130853,6857957015457596500
96,16,-2863966530419853606,-1241564968800441649
96,17,-98505447514716253,-4109632481495746282
96,18,-8045884920559341675,-4983300600299726529
96,19,1653772262065415495,6671304283915765988
96,20,5318243605170530137,7253483487270745434
96,21,-5430165112950650272,4463131475174480299
96,22,-8064064998462655703,609574154218329273
96,23,-7611205073550218696,5624854302173380629
96,24,-5435775688171271986,6329884965841192470
96,25,8832531989226692576,-9100304468537756691
96,26,-7587013621687172617,-1855454986995796796
96,27,8697883902568708677,-3230289034052088499
96,28,8907040267990496372,-8538663906148756990
96,29,-8616198492960464932,19429200601563556
96,30,-448329630276732127,2586946928814202966
96,31,-1765259265976527970,-1758269058827773782
96,32,7701881784155599833,-4861937879662855013
96,33,2347748697298726050,-3980151915552685898
96,34,4487401147571831939,-2079300409550109889
96,35,316952967418990957,-1987505277973279846
96,36,1670172420034765809,3823718084706451198
96,37,-4669118529901618695,-1310064135003047352
96,38,7462841892348976058,-4056120274421995609
96,39,-3477036038505660049,-8080607001967410934
96,40,5235941429422818149,2822928454414557556
96,41,6323929553926196679,-1632355666318070537
96,42,-1917693578775456375,-6087639787050698630
96,43,-7670977418147851611,3044672559452174282
96,44,-4458207324046272890,-4840235382664744758
96,45,3817856753477104883,-4019441631797520419
96,46,7207805701607487081,889301970964629479
96,47,-9126547183355982196,9064212868871232836
96,48,8969338896758786607,93202072597277887
96,49,8516076208919138841,-5405359024619150417
96,50,-3955874866731750007,4156790931003789871
96,51,6624445978754067895,-1824415551708177462
97,0,-3937460477146526750,-534493212347201515
97,1,5600091212628525393,6721607178059840387
97,2,-756573877190690963,-1426489566959825522
97,3,1097879024552501040,4550657763978879462
97,4,4944135750018348302,8120759755514105246
97,5,710623324267380647,-1670098216582496388
97,6,-3357139576602345596,-2691496976002485146
97,7,4989481106580105021,-6125506332620045053
97,8,-946172065180255693,-4966352479328603351
97,9,1079198442424057875,3737341897352111556
97,10,-3929046405118115405,-7442757552793154011
97,11,6219335685054679001,8507995912041050526
97,12,6164414064098882707,2272335474125453390
97,13,1222840186455456429,943944335162029359
97,14,2469192849976670588,1990625277830574897
97,15,-5280588782927111694,-2776099608069421486
97,16,1641748185540418420,1046331502342696367
97,17,2627388519713032223,-8212413141380911003
97,18,-2742408901054667323,8589343347344716949
97,19,8204589208624255942,3901380133515150128
97,20,-4599864066334757021,-4890268309889771604
97,21,-2981101617311645489,-5250997050769126736
97,22,-7002360591592400033,-5552066274951913160
97,23,4573336905625751574,-1302119856141787957
97,24,3055911290573410393,-7489530165090127484
97,25,8757881078494256345,-1482780484097503642
97,26,4244266325445278293,260179800122928577
97,27,-762988523846626443,8124355998869644447
97,28,-8963758076464371114,186847519211308554
97,29,-4299937978267257601,6712596584811429374
97,30,-866070810738714102,5043699092145923336
97,31,7750310603794463214,-1804340116166075610
97,32,-5446525884070249192,-61379831945643391
97,33,-8996588220586234046,-2835200683328721278
97,34,3474244451376832499,-1422735392548416137
97,35,-3473645247277344940,-8043486626268396461
97,36,363241316206031410,-6299360108478983089
97,37,-8412916742041982163,1731846123717606796
97,38,4208033325459729274,-8683691717795354935
97,39,-6205830269069579595,1653470993198967533
97,40,1552245379101670730,5425751698783482184
97,41,6350397000168596175,8364307927985697805
97,42,-3960924835876284763,-7278827666382689186
97,43,3650360562529473224,9072526871347415387
97,44,8474522806117866661,7073785442952994145
97,45,953740908562502251,-4285806797293834404
97,46,-2266544453084061973,-7886609575231090481
97,47,-8091928647413587919,3110173538163765463
97,48,-7301672420754156873,4298086769510646842
97,49,7906527669215181003,8702353312786979164
97,50,-1393948583631949407,3594927503963831039
97,51,7418804076692122373,7348241985714690201
97,52,-2140995812251211849,-8523099619815664149
97,53,-4417093549612482907,827563476757010433
97,54,6751985754278626867,-4080028291940186967
97,55,-7587451127580024283,-92407680050931670
97,56,6046134289731371621,-2582080191962807459
97,57,-4085778145659063662,-4580821620357228701
97,58,8169743081647135563,-8134924450003403887
97,59,-7360700724934533862,-2491963271607294282
97,60,4499960065950580238,-5580353901462986683
97,61,-1912672146528835630,-8616844096938164475
97,62,3514087015916471213,7518141886135093369
97,63,5669444202736974807,-5877848837808225685
97,64,8127952340502901547,1182583377601216520
97,65,397701739606377782,-5984955703367251160
97,66,-6339697659204030067,-4067039498384101748
97,67,-1661533217924097881,8883142377616158277
98,0,7695885005154658565,-534493212347201515
98,1,-3910535771448799215,-4900288927264121917
98,2,-8694972522880390221,9122898667697742076
98,3,2131510185510191261,-8905246109371781064
98,4,-7484355469875554098,6866810143934371158
98,5,-7300869273018880136,8471182699124865940
98,6,-2041117134877591569,5877056490306506922
98,7,-5957642612848056124,-5573862916738200736
98,8,-6569328767791362151,7007256563452337603
98,9,-574984423997806623,7505683051644342094
98,10,-4557420581645617528,2639318677646413904
98,11,-8057258541396836310,-6954572280949729061
98,12,-1068987979774026521,-8666514279253734077
98,13,4397332182945295140,-561468467160814059
98,14,-7512727731987999290,-4601030283663103998
98,15,-729799722523726217,1304032431162009480
98,16,-9223222232605327318,-5077664126132338286
98,17,-1531359860922611106,7669654491301874086
98,18,-2441539100617254872,-5295556527311324618
98,19,-3429070974376591471,-2226620207722828051
98,20,-1045020582142994426,-3637575621378097477
98,21,5904937003184611148,-1501511429674452189
98,22,1980759756904228488,8875893051184214813
98,23,-6249943443612963936,-8673413427063190585
98,24,-4242906331284569336,4809551246135579969
98,25,-1232238491171614211,-479947059136395919
98,26,3527617064854870353,746424699067806710
98,27,-7224029413268221518,-298348960098397626
98,28,1564261398845981882,1358542140898605736
98,29,-6557389633155578715,5299018698231694585
98,30,7963662746688094182,395651410845051492
98,31,9192683547781712076,7918755300317970494
98,32,-1896959235877348765,-2544895746131514911
98,33,8527321240804066135,-6103899263024296427
98,34,5689656506451006133,-5025453765320934105
98,35,7424338930362990671,-3988426036978636974
98,36,-7310720217900591625,-6585005614242315337
98,37,-3415209749014793964,-2234748082941532572
98,38,-4519210580998114607,-6236395732878447449
98,39,-533124863858131531,384648652800193415
98,40,-5422385975144430210,8327449028598884357
98,41,-4048833591550020758,8325667893785702473
98,42,7082876216155505497,9179658092695003145
98,43,7546844389828400717,-5938538421029337376
98,44,3635304184279464884,-8449129887189685663
98,45,-6639788829694256969,7011899539819512055
99,0,-134226421617860262,-7986119331356601344
99,1,-3776924395644240118,1974201084412254195
99,2,8859926428145726057,-4582924913276409147
99,3,-3979321702804487701,-7660540818850796919
99,4,-3938607322123968429,4166798492085108732
99,5,-2334167881748399609,786093864883191506
99,6,9160282343389539330,-8864558428245122141
99,7,-8990788616913479589,2649320460941918103
99,8,-3647631578793401269,1666918061837594652
99,9,-2971816068602298266,7135426322803926782
99,10,-7392521454229402572,-8344680345008121685
99,11,480257036651907243,6452673451058411316
99,12,3255564014754294044,648415165472034468
99,13,-5630255107948087418,2979321558514228502
99,14,-2339541390752323147,-6257328195515429427
99,15,-7236657607646200195,861094240749807756
99,16,1474801993969352717,4069658635185771606
99,17,2673258452177004912,-7557408231206414251
99,18,1406800836210181807,-167327961121132212
99,19,-4253067373278074005,-7351431924458500586
99,20,4264016549226820005,3947884928448387996
99,21,-1266659143291063202,-2978109108029979567
99,22,-8729385765123099254,-8507862847605888333
99,23,5951805484527495106,5829314338358811608
99,24,-1918388307674562346,8190885726999310516
